0xe49304cd3edccf32069dcbbb5df7ac3b8678daad34d0ad1927aa725a8966d52a	1587257923	0x3212b29e33587a00fb1c83346f5dbfa69a458923	0x538359785a8d5ab1a741a0ba94f26a800759d91d	21594	Token
0xae7d664bdfcc54220df4f18d339005c6faf6e62c9ca79c56387bc0389274363b	1587257935	0x3212b29e33587a00fb1c83346f5dbfa69a458923	0x538359785a8d5ab1a741a0ba94f26a800759d91d	43188	Token
0xa0e7c8e933be65854bee69df3816a07be37e108c43bbe7c7f2c3da01b79ad95e	1587257959	0x3212b29e33587a00fb1c83346f5dbfa69a458923	0x538359785a8d5ab1a741a0ba94f26a800759d91d	86376	Token
0xf8ed32d4a4aad0b5bb150f7a0d6e95b5d264d6da6c167029a20c098a90ff39b4	1587257992	0x3212b29e33587a00fb1c83346f5dbfa69a458923	0x538359785a8d5ab1a741a0ba94f26a800759d91d	172752	Token
0x2703e317c1e36fc1b557a545f837ab94370c7483f4ded038d606998d041c2841	1587258131	0x3212b29e33587a00fb1c83346f5dbfa69a458923	0x538359785a8d5ab1a741a0ba94f26a800759d91d	345504	Token
0xa82a40fed5a9a86f0bec707f67158372746236dd6e28ae5bff3bdb7ad4812ead	1587258216	0x3212b29e33587a00fb1c83346f5dbfa69a458923	0x538359785a8d5ab1a741a0ba94f26a800759d91d	691008	Token
0x0c33bdc97780e0895034b8582663ffadf01d205ce9318e72d18225fe87953386	1587258301	0x3212b29e33587a00fb1c83346f5dbfa69a458923	0x538359785a8d5ab1a741a0ba94f26a800759d91d	1382016	Token
0x41d6132f50de432e340e4023db35f8e51757d47dd6249ba5ca997bacfc8e1982	1587258367	0x3212b29e33587a00fb1c83346f5dbfa69a458923	0x538359785a8d5ab1a741a0ba94f26a800759d91d	2764032	Token
0xdea21a0671215ed5ff32a2f8e0451747aa40ef9bcd1706797793cd80e4401849	1587258392	0x3212b29e33587a00fb1c83346f5dbfa69a458923	0x538359785a8d5ab1a741a0ba94f26a800759d91d	5528064	Token
0x05ba86eccc13d27923b48ce9ca894a0de9795dd9ea8e2d3d4612af305796291c	1587258449	0x3212b29e33587a00fb1c83346f5dbfa69a458923	0x538359785a8d5ab1a741a0ba94f26a800759d91d	11056128	Token
0x2a301869d85f56b3fba0be9df944fed56f55174a54d67968643324c17104660c	1587258474	0x3212b29e33587a00fb1c83346f5dbfa69a458923	0x538359785a8d5ab1a741a0ba94f26a800759d91d	22112256	Token
0x642941bd365c42846255548d53f95e9730f9c79fd342fa0ceeaaee0e9d9562f9	1587258542	0x3212b29e33587a00fb1c83346f5dbfa69a458923	0x538359785a8d5ab1a741a0ba94f26a800759d91d	44224512	Token
0x2edd834bbf800767bb8feeebb98647de0bd60dd2bc9c776b400f8ae91fa13a59	1587258544	0x3212b29e33587a00fb1c83346f5dbfa69a458923	0x538359785a8d5ab1a741a0ba94f26a800759d91d	88449024	Token
0x04f68573cc61d97da2ce9f92c9838e31f5319a268c5ec616407b2a641a5532c9	1587258573	0x3212b29e33587a00fb1c83346f5dbfa69a458923	0x538359785a8d5ab1a741a0ba94f26a800759d91d	176898048	Token
0xa8f7a6fb5513c25809b042158e74719f860889a26915595756b40f0ddde0d4f3	1587258599	0x3212b29e33587a00fb1c83346f5dbfa69a458923	0x538359785a8d5ab1a741a0ba94f26a800759d91d	353796098	Token
0xadf2b50fc73aa31ba1f5771561b1d878a51e0a97d4cdd9d9de09d1757383cd48	1587258639	0x3212b29e33587a00fb1c83346f5dbfa69a458923	0x538359785a8d5ab1a741a0ba94f26a800759d91d	707592203	Token
0xb33dfb687093e625eb21dcc6bef179e47c75c554b933552398ff65df4260a5b2	1587258689	0x3212b29e33587a00fb1c83346f5dbfa69a458923	0x538359785a8d5ab1a741a0ba94f26a800759d91d	1415184417	Token
0x63c723d75840348dc637c15622bdcdbf6252103bf400b9a31f1b270480d49e77	1587258706	0x3212b29e33587a00fb1c83346f5dbfa69a458923	0x538359785a8d5ab1a741a0ba94f26a800759d91d	2830368841	Token
0xc2295bca60cf373b78ba3460140d98744c7eb33d8f7c073e1cf35866752f68a3	1587258741	0x3212b29e33587a00fb1c83346f5dbfa69a458923	0x538359785a8d5ab1a741a0ba94f26a800759d91d	5660737712	Token
0xb777490daf5e40e56b3d31dc05798a709a52b89aabb7057c083ece7ca3d4dfc5	1587258752	0x3212b29e33587a00fb1c83346f5dbfa69a458923	0x538359785a8d5ab1a741a0ba94f26a800759d91d	11321475454	Token
0x111aef012df47efb97202d0a60780ec082125639936dcbd56b27551ce05c4214	1587258773	0x3212b29e33587a00fb1c83346f5dbfa69a458923	0x538359785a8d5ab1a741a0ba94f26a800759d91d	22642950969	Token
0xced7ca813081fb594181469001a6aff629c5874bd672cca44075d3ec768db664	1587258786	0x3212b29e33587a00fb1c83346f5dbfa69a458923	0x538359785a8d5ab1a741a0ba94f26a800759d91d	29134731812	Token
0x342a2036d5d372803f89013d216798d762aada4252b9f873d94823e18c262e28	1587259180	0x3212b29e33587a00fb1c83346f5dbfa69a458923	0x538359785a8d5ab1a741a0ba94f26a800759d91d	29000000000	Token
0x3c4fadf3f5f7afba7d2f6db407ca9eca4fa6c40eb68ba17c3276dafddc19dc7c	1587259209	0x3212b29e33587a00fb1c83346f5dbfa69a458923	0x538359785a8d5ab1a741a0ba94f26a800759d91d	29000000000	Token
0xd9fbf16ecec821d2dedff27a43fd54fff1edf143b215313feb581dc23b11a1dd	1587259282	0x3212b29e33587a00fb1c83346f5dbfa69a458923	0x538359785a8d5ab1a741a0ba94f26a800759d91d	29000000000	Token
0x9b9066457f9279bae6bcd4292f52bfc315730cda45fd797b6dc649684e23a9af	1587259284	0x3212b29e33587a00fb1c83346f5dbfa69a458923	0x538359785a8d5ab1a741a0ba94f26a800759d91d	29000000000	Token
0x9371b4ae13bafa17b46f98f963696ab8b283b4b3f13d3f7edaf6fbf3afb4778f	1587259294	0x3212b29e33587a00fb1c83346f5dbfa69a458923	0x538359785a8d5ab1a741a0ba94f26a800759d91d	29000000000	Token
0xba71621f393fcf2cf1a89579f47ca60038de760a2dc873166fe41daaa3650332	1587259334	0x3212b29e33587a00fb1c83346f5dbfa69a458923	0x538359785a8d5ab1a741a0ba94f26a800759d91d	29000000000	Token
0x1b2b883adf0cc933e294b8edac7d2bd966467da3aec7a7c3a19d73d8cf017f7f	1587259347	0x3212b29e33587a00fb1c83346f5dbfa69a458923	0x538359785a8d5ab1a741a0ba94f26a800759d91d	29000000000	Token
0xc35a891ac70819af154952ecaeab267a749f3ac2d60d91fc6d7344cef3b671fe	1587261650	0x3212b29e33587a00fb1c83346f5dbfa69a458923	0x538359785a8d5ab1a741a0ba94f26a800759d91d	25000000000	Token
0x293ab8e0e639ad22c2dce4ae4d11561e28512e24bd0d1423384cd435032c6d3e	1587261692	0x3212b29e33587a00fb1c83346f5dbfa69a458923	0x538359785a8d5ab1a741a0ba94f26a800759d91d	25000000000	Token
0x49013c8455a1068e065f6b95d3c9d2d2c39df7a0ff7d68c8f794c786b0532d3c	1587261706	0x3212b29e33587a00fb1c83346f5dbfa69a458923	0x538359785a8d5ab1a741a0ba94f26a800759d91d	25000000000	Token
0x9743677ccf9a95f0a0521558d1bf853226f3a87c077d40cf3df73199ba211102	1587261743	0x3212b29e33587a00fb1c83346f5dbfa69a458923	0x538359785a8d5ab1a741a0ba94f26a800759d91d	25000000000	Token
0xc0214863f76abbecadbd5c3e10e9418dfddace91c776d2ad91166be1a46869c3	1587261746	0x3212b29e33587a00fb1c83346f5dbfa69a458923	0x538359785a8d5ab1a741a0ba94f26a800759d91d	25000000000	Token
0x008328a384a9e2785b963f1e87fbf6e25150021878dae274a6e29ceb53315af7	1587261759	0x3212b29e33587a00fb1c83346f5dbfa69a458923	0x538359785a8d5ab1a741a0ba94f26a800759d91d	25000000000	Token
0x5390ef8a98705811c7fdba3845b39545b37552d18fb961e2602952c77babd7ef	1587261784	0x3212b29e33587a00fb1c83346f5dbfa69a458923	0x538359785a8d5ab1a741a0ba94f26a800759d91d	25000000000	Token
0x52cad3672b1d863659df921884ece30ef787ad9fe2ae4fe0c60aad15be09d986	1587261804	0x3212b29e33587a00fb1c83346f5dbfa69a458923	0x538359785a8d5ab1a741a0ba94f26a800759d91d	25000000000	Token
0x5c22e629ffef4ad9ccfe052ae2ed9cf2d8f0f51ea43e512cdcbf4e3d9bec7a12	1587261818	0x3212b29e33587a00fb1c83346f5dbfa69a458923	0x538359785a8d5ab1a741a0ba94f26a800759d91d	25000000000	Token
0x1a7f868fb0cee0fcfc47785c8c501f771c728905eef039ae0b3c10285dceebbb	1587261962	0x3212b29e33587a00fb1c83346f5dbfa69a458923	0x538359785a8d5ab1a741a0ba94f26a800759d91d	25000000000	Token
0xb1a7e8e6c5be1c58e87bdd11a94b689f940e8cdf0ac4f0ce8403053e56851d7d	1587261991	0x3212b29e33587a00fb1c83346f5dbfa69a458923	0x538359785a8d5ab1a741a0ba94f26a800759d91d	25000000000	Token
0xab1a17eef8c62be3a9ef8434268933ab8a7d379e9aeb5833601e680ca31a4279	1587262023	0x3212b29e33587a00fb1c83346f5dbfa69a458923	0x538359785a8d5ab1a741a0ba94f26a800759d91d	25000000000	Token
0xc3add1c9cdca56effd4e60b7ced40c0568b8b1285e9fc0dcecc061ab94351448	1587262107	0x3212b29e33587a00fb1c83346f5dbfa69a458923	0x538359785a8d5ab1a741a0ba94f26a800759d91d	25000000000	Token
0xb48e2f55b5550481264bee47b4c8c49494aab2e42b4afe2f70fc4b971b1b9ec2	1587262129	0x3212b29e33587a00fb1c83346f5dbfa69a458923	0x538359785a8d5ab1a741a0ba94f26a800759d91d	25000000000	Token
0x41370cfa34b355f5172071c1f93733dcab41615ea92ee0c2dbb7aea9b0966e78	1587262155	0x3212b29e33587a00fb1c83346f5dbfa69a458923	0x538359785a8d5ab1a741a0ba94f26a800759d91d	25000000000	Token
0xf6372340a9508e1015da11fdfd3c164588ec961e92cd04fc22d43d6ed484c917	1587262181	0x3212b29e33587a00fb1c83346f5dbfa69a458923	0x538359785a8d5ab1a741a0ba94f26a800759d91d	25000000000	Token
0x2101276893be9aef459c28b52b3622719e18545d2cdaf46d9ac87fea27aa4725	1587262331	0x3212b29e33587a00fb1c83346f5dbfa69a458923	0x538359785a8d5ab1a741a0ba94f26a800759d91d	25000000000	Token
