0xb0eb7f749b1ac1cbcd220701801055219386f8345bbbceace9ca61727cca3f6c	9899837	1587259347	0x06af07097c9eeb7fd685c692751d5c66db49c215	48461630793539450111377
0x3e778395ce77f62303843444c2ec649021bf77cd79b0c68712acd192b9db0ea8	9899837	1587259347	0x0316eb71485b0ab14103307bf65a021042c6d380	320277137217713969563
0xb8e571caa4b423d14af7af63ffd04460f857e59a984cb7072cc24a88d23032ca	9899838	1587259371	0xdf574c24545e5ffecb9a659c229253d4111d87e1	43216290568675
0xba4610de561362d1ae5d1e6b317e2528fa6692232f83eeddaf2a19b76849b1a9	9899838	1587259371	0x4fabb145d64652a948d72533023f6e7a623c7c53	479787694707967139150981
0x7241c0fcdfe8f6f885bf38b9863d189e6b2c17c59feaa5b38ba0c78c2233bf6a	9899838	1587259371	0x8e870d67f660d95d5be530380d0ec0bd388289e1	587014603672792914251907
0x98a22010808b1cfd2019c6e6f6b2262f2b960f56ddc67b5b8bf898848a73c145	9899838	1587259371	0x0000000000085d4780b73119b644ae5ecd22b376	458794387633044899617465
0xf95f1dd06b47dc37ce07a05fd938bd8ba7754d682f429738e0adf195c4c6fcfa	9899838	1587259371	0xa0b86991c6218b36c1d19d4a2e9eb0ce3606eb48	606324307159
0xe929c5477b7d93efa6e1cf61872289bb7923a05c6b41707ab2c4243331c1a443	9899838	1587259371	0xdac17f958d2ee523a2206206994597c13d831ec7	6955299626910
0x22b4a6aafcdc08a07255e8a93c6e4e7fd666715d132c83228ae18e2cad57b8fe	9899838	1587259371	0xeb269732ab75a6fd61ea60b06fe994cd32a83549	510868160665305222372335
0x13588251d33c2c3ec5f9965521f5e1ce618dca1fe401df826f33dfb0b503dece	9899839	1587259378	0x2260fac5e5542a773aa44fbcfedf7c193bc2c599	767152246
0xdbfe9a0474f8ad16dd9da7d67794446c401551b1800df6155d63f3a9e33ec808	9900020	1587261861	0x06af07097c9eeb7fd685c692751d5c66db49c215	29469303539443789958670
0x1c6a0e4fead566c911ed02b7234b80261e2410107adc24a992547572f1a9f81c	9900021	1587261886	0x0000000000085d4780b73119b644ae5ecd22b376	1000000000000000000000
0xc36437781575a103566073f7b49cf0d453860d3afde8203d23ddca65f0064844	9900021	1587261886	0xa0b86991c6218b36c1d19d4a2e9eb0ce3606eb48	92592096317
0x67071ee9dd6c47f124937cbf8e00b0d91f4c68dfa4eda95b5cde1aad26dbda08	9900021	1587261886	0xdac17f958d2ee523a2206206994597c13d831ec7	44429515690
0x8af400c256a71db5e4983e2d864cf0b9d2218893616efeda3b9a42b0643ebfe9	9900022	1587261888	0x2260fac5e5542a773aa44fbcfedf7c193bc2c599	134000032
0xe50f72153beef92e0ca867deda6c7fa4c406b6eba34a735dcacfc1c3c0d2e78b	9900022	1587261888	0xc02aaa39b223fe8d0a0e5c4f27ead9083c756cc2	54959021344603350172168
0x3b7e43ec0e5ffec476031c716c57f91b50ec5caca921f94375d9a5cd3145126e	9900041	1587262215	0xdac17f958d2ee523a2206206994597c13d831ec7	180795938966
0x8f3de84ad3bcfce68e0afe7a2327e805e373ec0084aca36e41d3a9240f587ddb	9900105	1587263203	0xc02aaa39b223fe8d0a0e5c4f27ead9083c756cc2	200000000000000000000
0x439ecc1ae037b08467e1b9d91e78e3d7602553b1e5b4121dc82319a97b82d123	9900397	1587267042	0x4fabb145d64652a948d72533023f6e7a623c7c53	1000192961161260473930
