0x5d154c145db2ca90b8ab5e8fe3e716afa4ab7ff0,0x74d32acdfb32521367b0a95de12e6bcf07a861362f838e97f67bc6017a90fcf4,1560473187,0x5d154c145db2ca90b8ab5e8fe3e716afa4ab7ff0,0x9ae49c0d7f8f9ef4b864e004fe86ac8294e20950,6,378093029130203532
0x04a487afd662c4f9deacc07a7b10cfb686b682a4,0x74d32acdfb32521367b0a95de12e6bcf07a861362f838e97f67bc6017a90fcf4,1560473187,0x04a487afd662c4f9deacc07a7b10cfb686b682a4,0x9ae49c0d7f8f9ef4b864e004fe86ac8294e20950,10,1433292313144805146
0x63825c174ab367968ec60f061753d3bbd36a0d8f,0xf3fa5fd7423bddc56be815127f036095043b5c259fc1f56ea07f2e2006f97f69,1571671058,0x63825c174ab367968ec60f061753d3bbd36a0d8f,0x9ae49c0d7f8f9ef4b864e004fe86ac8294e20950,11,3912807336496420
0xc02aaa39b223fe8d0a0e5c4f27ead9083c756cc2,0xf3fa5fd7423bddc56be815127f036095043b5c259fc1f56ea07f2e2006f97f69,1571671058,0xc02aaa39b223fe8d0a0e5c4f27ead9083c756cc2,0x57f8160e1c59d16c01bbe181fd94db4e56b60495,8,2000000000000000
0x57f8160e1c59d16c01bbe181fd94db4e56b60495,0xf3fa5fd7423bddc56be815127f036095043b5c259fc1f56ea07f2e2006f97f69,1571671058,0x57f8160e1c59d16c01bbe181fd94db4e56b60495,0x9ae49c0d7f8f9ef4b864e004fe86ac8294e20950,7,2000000000000000
0x63825c174ab367968ec60f061753d3bbd36a0d8f,0x98868b80ce90433abb15e64266942c7ad048bf57189e1c8a1914a5cd8ce3eaeb,1560460615,0x63825c174ab367968ec60f061753d3bbd36a0d8f,0x9ae49c0d7f8f9ef4b864e004fe86ac8294e20950,10,326808427963559943
0x63825c174ab367968ec60f061753d3bbd36a0d8f,0x3446036df1af62d5132e5488f908168cdad7a55ffe62f09779192ccfbb8abe31,1574438563,0x63825c174ab367968ec60f061753d3bbd36a0d8f,0x9ae49c0d7f8f9ef4b864e004fe86ac8294e20950,8,4270859457534009
0x04a487afd662c4f9deacc07a7b10cfb686b682a4,0x18966ca3c9b582138a52357144cd6b2e75a8b48f2c2035d359cc3f6d27937538,1563483198,0x04a487afd662c4f9deacc07a7b10cfb686b682a4,0x9ae49c0d7f8f9ef4b864e004fe86ac8294e20950,4,539066906794143
0x04a487afd662c4f9deacc07a7b10cfb686b682a4,0x18966ca3c9b582138a52357144cd6b2e75a8b48f2c2035d359cc3f6d27937538,1563483198,0x04a487afd662c4f9deacc07a7b10cfb686b682a4,0x9ae49c0d7f8f9ef4b864e004fe86ac8294e20950,4,292336688780609
0x04a487afd662c4f9deacc07a7b10cfb686b682a4,0x18966ca3c9b582138a52357144cd6b2e75a8b48f2c2035d359cc3f6d27937538,1563483198,0x04a487afd662c4f9deacc07a7b10cfb686b682a4,0x9ae49c0d7f8f9ef4b864e004fe86ac8294e20950,4,158534568770785
0x63825c174ab367968ec60f061753d3bbd36a0d8f,0xd7dbb42091050c1ee0e36cf5df7812f26447bb47df778bb548e17e1c3a4467d2,1559726795,0x63825c174ab367968ec60f061753d3bbd36a0d8f,0x9ae49c0d7f8f9ef4b864e004fe86ac8294e20950,10,992361611569750141
0x57f8160e1c59d16c01bbe181fd94db4e56b60495,0xd7dbb42091050c1ee0e36cf5df7812f26447bb47df778bb548e17e1c3a4467d2,1559726795,0x57f8160e1c59d16c01bbe181fd94db4e56b60495,0x9ae49c0d7f8f9ef4b864e004fe86ac8294e20950,6,1000000000000000000
0xbf78025535c98f4c605fbe9eaf672999abf19dc1,0x63ee7923e78201635f3a38161ef71c0a8eb9ffa4cb240b17ea69f433a31fd75e,1494602472,0xbf78025535c98f4c605fbe9eaf672999abf19dc1,0xa0f7dab40c75a37828dfebb4713016f019542d44,2,20000
0xbf78025535c98f4c605fbe9eaf672999abf19dc1,0x63ee7923e78201635f3a38161ef71c0a8eb9ffa4cb240b17ea69f433a31fd75e,1494602472,0xbf78025535c98f4c605fbe9eaf672999abf19dc1,0xa0f7dab40c75a37828dfebb4713016f019542d44,4,20000
0xbf78025535c98f4c605fbe9eaf672999abf19dc1,0x63ee7923e78201635f3a38161ef71c0a8eb9ffa4cb240b17ea69f433a31fd75e,1494602472,0xbf78025535c98f4c605fbe9eaf672999abf19dc1,0xa0f7dab40c75a37828dfebb4713016f019542d44,6,20000
0xbf78025535c98f4c605fbe9eaf672999abf19dc1,0x63ee7923e78201635f3a38161ef71c0a8eb9ffa4cb240b17ea69f433a31fd75e,1494602472,0xbf78025535c98f4c605fbe9eaf672999abf19dc1,0xa0f7dab40c75a37828dfebb4713016f019542d44,8,20000
0xbf78025535c98f4c605fbe9eaf672999abf19dc1,0x63ee7923e78201635f3a38161ef71c0a8eb9ffa4cb240b17ea69f433a31fd75e,1494602472,0xbf78025535c98f4c605fbe9eaf672999abf19dc1,0xa0f7dab40c75a37828dfebb4713016f019542d44,10,20000
0xbf78025535c98f4c605fbe9eaf672999abf19dc1,0x63ee7923e78201635f3a38161ef71c0a8eb9ffa4cb240b17ea69f433a31fd75e,1494602472,0xbf78025535c98f4c605fbe9eaf672999abf19dc1,0xa0f7dab40c75a37828dfebb4713016f019542d44,12,20000
0xbf78025535c98f4c605fbe9eaf672999abf19dc1,0x63ee7923e78201635f3a38161ef71c0a8eb9ffa4cb240b17ea69f433a31fd75e,1494602472,0xbf78025535c98f4c605fbe9eaf672999abf19dc1,0xa0f7dab40c75a37828dfebb4713016f019542d44,14,20000
0x57f8160e1c59d16c01bbe181fd94db4e56b60495,0xc2e27be001a655fa94a926bc5fd1cb74e829a6fc69e9fc15bc325edd38913da6,1559568151,0x57f8160e1c59d16c01bbe181fd94db4e56b60495,0x9ae49c0d7f8f9ef4b864e004fe86ac8294e20950,10,99916655825982236
0xa467b88bbf9706622be2784af724c4b44a9d26f4,0xd1b4fbcda4512014d7156d4039d56391181d742e51ab58e4be5ff8c4fed1dcfe,1560280857,0xa467b88bbf9706622be2784af724c4b44a9d26f4,0x9ae49c0d7f8f9ef4b864e004fe86ac8294e20950,6,153521744893623596
0x1670dfb52806de7789d5cf7d5c005cf7083f9a5d,0xd1b4fbcda4512014d7156d4039d56391181d742e51ab58e4be5ff8c4fed1dcfe,1560280857,0x1670dfb52806de7789d5cf7d5c005cf7083f9a5d,0x9ae49c0d7f8f9ef4b864e004fe86ac8294e20950,10,448682080112124583
0x57f8160e1c59d16c01bbe181fd94db4e56b60495,0xab43f26fbfd477172cebf1e345064fd1ff41d29b57aede70df26b2b2275ea799,1543222441,0x57f8160e1c59d16c01bbe181fd94db4e56b60495,0x91a502c678605fbce581eae053319747482276b9,6,2033573353598
0x21433dec9cb634a23c6a4bbcce08c83f5ac2ec18,0xf98d4f598939a6986f85caf751f3321897e2ebb25c85d1efd1ada6b0dd5ac2d0,1537542404,0x21433dec9cb634a23c6a4bbcce08c83f5ac2ec18,0x91a502c678605fbce581eae053319747482276b9,6,217489365620000000
0x31e085afd48a1d6e51cc193153d625e8f0514c7f,0x8a05b67533008a2e69ea7342bb10783ff2dbc2f71aa09f0f663d7c727c26725c,1581780400,0x31e085afd48a1d6e51cc193153d625e8f0514c7f,0x65bf64ff5f51272f729bdcd7acfb00677ced86cd,4,1123645209715346
0x1670dfb52806de7789d5cf7d5c005cf7083f9a5d,0x5fbd7401bbf4e9728a1757b134ed42a0d5d0c0a392a38d867396b460e145f0da,1560293082,0x1670dfb52806de7789d5cf7d5c005cf7083f9a5d,0x9ae49c0d7f8f9ef4b864e004fe86ac8294e20950,10,3096012267799779446
0x91a502c678605fbce581eae053319747482276b9,0xf6b377d0694cf87cb9c680aa519d92380181f839d6c3a9b9e8e316f6a3a66e0e,1543984971,0x91a502c678605fbce581eae053319747482276b9,0x91a502c678605fbce581eae053319747482276b9,6,200000000000000
0x91a502c678605fbce581eae053319747482276b9,0xf6b377d0694cf87cb9c680aa519d92380181f839d6c3a9b9e8e316f6a3a66e0e,1543984971,0x91a502c678605fbce581eae053319747482276b9,0x91a502c678605fbce581eae053319747482276b9,6,202561925125234
0x04a487afd662c4f9deacc07a7b10cfb686b682a4,0x7053845f355d516954fa28f2dfa497f7cc4f7f0cd6b4785ba7b7c1f267a44c09,1561943873,0x04a487afd662c4f9deacc07a7b10cfb686b682a4,0x9ae49c0d7f8f9ef4b864e004fe86ac8294e20950,8,8871764091826718
0x21433dec9cb634a23c6a4bbcce08c83f5ac2ec18,0x85f4b956d089a020864fbf7b7f0aef80225209ab857f268267b832bb3b9a8692,1559886836,0x21433dec9cb634a23c6a4bbcce08c83f5ac2ec18,0x9ae49c0d7f8f9ef4b864e004fe86ac8294e20950,10,198035426096694223
0x5d154c145db2ca90b8ab5e8fe3e716afa4ab7ff0,0xc124fab00d538b883b26c063ebaa546d5478a57821a07848a7be02b86cfe13fb,1563735442,0x5d154c145db2ca90b8ab5e8fe3e716afa4ab7ff0,0x9ae49c0d7f8f9ef4b864e004fe86ac8294e20950,5,5239139776028475
0x5d154c145db2ca90b8ab5e8fe3e716afa4ab7ff0,0xc124fab00d538b883b26c063ebaa546d5478a57821a07848a7be02b86cfe13fb,1563735442,0x5d154c145db2ca90b8ab5e8fe3e716afa4ab7ff0,0x9ae49c0d7f8f9ef4b864e004fe86ac8294e20950,5,2761328989937285
0x5d154c145db2ca90b8ab5e8fe3e716afa4ab7ff0,0xc124fab00d538b883b26c063ebaa546d5478a57821a07848a7be02b86cfe13fb,1563735442,0x5d154c145db2ca90b8ab5e8fe3e716afa4ab7ff0,0x9ae49c0d7f8f9ef4b864e004fe86ac8294e20950,5,1455380077361203
0xd654bdd32fc99471455e86c2e7f7d7b6437e9179,0x9251388d8625063411f1849e8d902236335db995c4f2f7b3ee72f5ada6cc1f9d,1465587911,0xd654bdd32fc99471455e86c2e7f7d7b6437e9179,0x753b6773ed02b7b3e06e5f4f16b96f5b02a8409b,2,1000000000000000000
0xd654bdd32fc99471455e86c2e7f7d7b6437e9179,0x9251388d8625063411f1849e8d902236335db995c4f2f7b3ee72f5ada6cc1f9d,1465587911,0xd654bdd32fc99471455e86c2e7f7d7b6437e9179,0x753b6773ed02b7b3e06e5f4f16b96f5b02a8409b,4,1000000000000000000
0xd654bdd32fc99471455e86c2e7f7d7b6437e9179,0x9251388d8625063411f1849e8d902236335db995c4f2f7b3ee72f5ada6cc1f9d,1465587911,0xd654bdd32fc99471455e86c2e7f7d7b6437e9179,0x753b6773ed02b7b3e06e5f4f16b96f5b02a8409b,6,1000000000000000000
0xc02aaa39b223fe8d0a0e5c4f27ead9083c756cc2,0x661a2e10073b8ce4c8661fbe4bc321d76eeef4a5cbbb7b22fd4db9fca0874175,1577102474,0xc02aaa39b223fe8d0a0e5c4f27ead9083c756cc2,0x57f8160e1c59d16c01bbe181fd94db4e56b60495,10,1000000000000000
0x57f8160e1c59d16c01bbe181fd94db4e56b60495,0x661a2e10073b8ce4c8661fbe4bc321d76eeef4a5cbbb7b22fd4db9fca0874175,1577102474,0x57f8160e1c59d16c01bbe181fd94db4e56b60495,0x65bf64ff5f51272f729bdcd7acfb00677ced86cd,9,1000000000000000
0x57f8160e1c59d16c01bbe181fd94db4e56b60495,0xb11b9ddeecc48e5098083fa6ebcdfdd7465b0c63ed502fe727efd58b34ad1fe1,1559730737,0x57f8160e1c59d16c01bbe181fd94db4e56b60495,0x9ae49c0d7f8f9ef4b864e004fe86ac8294e20950,6,250000000000000000
0x63825c174ab367968ec60f061753d3bbd36a0d8f,0xee8edbb27bff5b044cf498963f4d4bf92d19beeed7b0c9a801ec9cfada2dd9d2,1560364564,0x63825c174ab367968ec60f061753d3bbd36a0d8f,0x9ae49c0d7f8f9ef4b864e004fe86ac8294e20950,10,395283344019918714
0xc02aaa39b223fe8d0a0e5c4f27ead9083c756cc2,0xb6e48e9a2224a42362aa8781f569a16bcbcfbc618c4fea5254f4f883eb3e9497,1559609148,0xc02aaa39b223fe8d0a0e5c4f27ead9083c756cc2,0x57f8160e1c59d16c01bbe181fd94db4e56b60495,7,1000000000000000000
0x5d154c145db2ca90b8ab5e8fe3e716afa4ab7ff0,0xb6e48e9a2224a42362aa8781f569a16bcbcfbc618c4fea5254f4f883eb3e9497,1559609148,0x5d154c145db2ca90b8ab5e8fe3e716afa4ab7ff0,0x9ae49c0d7f8f9ef4b864e004fe86ac8294e20950,10,212873177407
0x5d154c145db2ca90b8ab5e8fe3e716afa4ab7ff0,0xb6e48e9a2224a42362aa8781f569a16bcbcfbc618c4fea5254f4f883eb3e9497,1559609148,0x5d154c145db2ca90b8ab5e8fe3e716afa4ab7ff0,0x9ae49c0d7f8f9ef4b864e004fe86ac8294e20950,10,3911596681460576279
0x57f8160e1c59d16c01bbe181fd94db4e56b60495,0xb6e48e9a2224a42362aa8781f569a16bcbcfbc618c4fea5254f4f883eb3e9497,1559609148,0x57f8160e1c59d16c01bbe181fd94db4e56b60495,0x9ae49c0d7f8f9ef4b864e004fe86ac8294e20950,6,1000000000000000000
0xa467b88bbf9706622be2784af724c4b44a9d26f4,0x9a1fd9af5d51a988a2b71e9c9d68aa364cf94cb9419ae51cf355c29833461ba7,1571572500,0xa467b88bbf9706622be2784af724c4b44a9d26f4,0x9ae49c0d7f8f9ef4b864e004fe86ac8294e20950,4,2157216840714680
0x3e64b1a66f3aa6f0765b093540481aa690c2b9b7,0x666e8b837cc5fea4dc27c5e47fca36ec40278ea6c96e6c02874c319d0f4188da,1578878370,0x3e64b1a66f3aa6f0765b093540481aa690c2b9b7,0xac51c6bc1ef150eb2dc2a1341cca7493d521cc29,2,10000000000000000
0x5d154c145db2ca90b8ab5e8fe3e716afa4ab7ff0,0x787c51ae912236230b9b6cc878667d686c15c35089585b1e1de12a378b4c9d35,1560199354,0x5d154c145db2ca90b8ab5e8fe3e716afa4ab7ff0,0x9ae49c0d7f8f9ef4b864e004fe86ac8294e20950,10,99177340468158157
0x57f8160e1c59d16c01bbe181fd94db4e56b60495,0x491370b3f4e2b0a7f8fbcfc892caeba62a6dd58632b2bd1d4d9bbead6b94ba0a,1559574182,0x57f8160e1c59d16c01bbe181fd94db4e56b60495,0x9ae49c0d7f8f9ef4b864e004fe86ac8294e20950,10,199832651738340027
0x63825c174ab367968ec60f061753d3bbd36a0d8f,0xf46cb6ef87a38e8dcc243ff6d009f85aad2b9a4aa34d45c562b2caa0770f432a,1572034856,0x63825c174ab367968ec60f061753d3bbd36a0d8f,0x9ae49c0d7f8f9ef4b864e004fe86ac8294e20950,4,9599522850445150
0xc5918a927c4fb83fe99e30d6f66707f4b396900e,0xf95e87181d4f0ca831c15e3f401818d06b7c3a281fbccd9544a4669133078099,1538872911,0xc5918a927c4fb83fe99e30d6f66707f4b396900e,0xc5918a927c4fb83fe99e30d6f66707f4b396900e,4,500000000000000000
0xc5918a927c4fb83fe99e30d6f66707f4b396900e,0xf95e87181d4f0ca831c15e3f401818d06b7c3a281fbccd9544a4669133078099,1538872911,0xc5918a927c4fb83fe99e30d6f66707f4b396900e,0xc5918a927c4fb83fe99e30d6f66707f4b396900e,6,500000000000000000
0xc5918a927c4fb83fe99e30d6f66707f4b396900e,0xf95e87181d4f0ca831c15e3f401818d06b7c3a281fbccd9544a4669133078099,1538872911,0xc5918a927c4fb83fe99e30d6f66707f4b396900e,0xc5918a927c4fb83fe99e30d6f66707f4b396900e,8,500000000000000000
0xc5918a927c4fb83fe99e30d6f66707f4b396900e,0xf95e87181d4f0ca831c15e3f401818d06b7c3a281fbccd9544a4669133078099,1538872911,0xc5918a927c4fb83fe99e30d6f66707f4b396900e,0xc5918a927c4fb83fe99e30d6f66707f4b396900e,10,500000000000000000
0xc5918a927c4fb83fe99e30d6f66707f4b396900e,0xf95e87181d4f0ca831c15e3f401818d06b7c3a281fbccd9544a4669133078099,1538872911,0xc5918a927c4fb83fe99e30d6f66707f4b396900e,0xc5918a927c4fb83fe99e30d6f66707f4b396900e,12,500000000000000000
0xc5918a927c4fb83fe99e30d6f66707f4b396900e,0xf95e87181d4f0ca831c15e3f401818d06b7c3a281fbccd9544a4669133078099,1538872911,0xc5918a927c4fb83fe99e30d6f66707f4b396900e,0xc5918a927c4fb83fe99e30d6f66707f4b396900e,14,500000000000000000
0xc5918a927c4fb83fe99e30d6f66707f4b396900e,0xf95e87181d4f0ca831c15e3f401818d06b7c3a281fbccd9544a4669133078099,1538872911,0xc5918a927c4fb83fe99e30d6f66707f4b396900e,0xc5918a927c4fb83fe99e30d6f66707f4b396900e,16,500000000000000000
0xc5918a927c4fb83fe99e30d6f66707f4b396900e,0xf95e87181d4f0ca831c15e3f401818d06b7c3a281fbccd9544a4669133078099,1538872911,0xc5918a927c4fb83fe99e30d6f66707f4b396900e,0xc5918a927c4fb83fe99e30d6f66707f4b396900e,18,500000000000000000
0xc5918a927c4fb83fe99e30d6f66707f4b396900e,0xf95e87181d4f0ca831c15e3f401818d06b7c3a281fbccd9544a4669133078099,1538872911,0xc5918a927c4fb83fe99e30d6f66707f4b396900e,0xc5918a927c4fb83fe99e30d6f66707f4b396900e,20,500000000000000000
0xc5918a927c4fb83fe99e30d6f66707f4b396900e,0xf95e87181d4f0ca831c15e3f401818d06b7c3a281fbccd9544a4669133078099,1538872911,0xc5918a927c4fb83fe99e30d6f66707f4b396900e,0xc5918a927c4fb83fe99e30d6f66707f4b396900e,22,500000000000000000
0xc5918a927c4fb83fe99e30d6f66707f4b396900e,0xf95e87181d4f0ca831c15e3f401818d06b7c3a281fbccd9544a4669133078099,1538872911,0xc5918a927c4fb83fe99e30d6f66707f4b396900e,0xc5918a927c4fb83fe99e30d6f66707f4b396900e,24,500000000000000000
0xc5918a927c4fb83fe99e30d6f66707f4b396900e,0xf95e87181d4f0ca831c15e3f401818d06b7c3a281fbccd9544a4669133078099,1538872911,0xc5918a927c4fb83fe99e30d6f66707f4b396900e,0xc5918a927c4fb83fe99e30d6f66707f4b396900e,26,500000000000000000
0xc5918a927c4fb83fe99e30d6f66707f4b396900e,0x2228e2ac9fe71f517eec12e4d9d68217c725ef21bb407c82d1dda00709137ac1,1538873076,0xc5918a927c4fb83fe99e30d6f66707f4b396900e,0xc5918a927c4fb83fe99e30d6f66707f4b396900e,4,100000000000000000
0xc5918a927c4fb83fe99e30d6f66707f4b396900e,0x2228e2ac9fe71f517eec12e4d9d68217c725ef21bb407c82d1dda00709137ac1,1538873076,0xc5918a927c4fb83fe99e30d6f66707f4b396900e,0xc5918a927c4fb83fe99e30d6f66707f4b396900e,6,100000000000000000
0xc5918a927c4fb83fe99e30d6f66707f4b396900e,0x2228e2ac9fe71f517eec12e4d9d68217c725ef21bb407c82d1dda00709137ac1,1538873076,0xc5918a927c4fb83fe99e30d6f66707f4b396900e,0xc5918a927c4fb83fe99e30d6f66707f4b396900e,8,100000000000000000
0xc5918a927c4fb83fe99e30d6f66707f4b396900e,0x2228e2ac9fe71f517eec12e4d9d68217c725ef21bb407c82d1dda00709137ac1,1538873076,0xc5918a927c4fb83fe99e30d6f66707f4b396900e,0xc5918a927c4fb83fe99e30d6f66707f4b396900e,10,100000000000000000
0xc5918a927c4fb83fe99e30d6f66707f4b396900e,0x2228e2ac9fe71f517eec12e4d9d68217c725ef21bb407c82d1dda00709137ac1,1538873076,0xc5918a927c4fb83fe99e30d6f66707f4b396900e,0xc5918a927c4fb83fe99e30d6f66707f4b396900e,12,100000000000000000
0xc5918a927c4fb83fe99e30d6f66707f4b396900e,0x2228e2ac9fe71f517eec12e4d9d68217c725ef21bb407c82d1dda00709137ac1,1538873076,0xc5918a927c4fb83fe99e30d6f66707f4b396900e,0xc5918a927c4fb83fe99e30d6f66707f4b396900e,14,100000000000000000
0xc5918a927c4fb83fe99e30d6f66707f4b396900e,0x2228e2ac9fe71f517eec12e4d9d68217c725ef21bb407c82d1dda00709137ac1,1538873076,0xc5918a927c4fb83fe99e30d6f66707f4b396900e,0xc5918a927c4fb83fe99e30d6f66707f4b396900e,16,100000000000000000
0xc5918a927c4fb83fe99e30d6f66707f4b396900e,0x2228e2ac9fe71f517eec12e4d9d68217c725ef21bb407c82d1dda00709137ac1,1538873076,0xc5918a927c4fb83fe99e30d6f66707f4b396900e,0xc5918a927c4fb83fe99e30d6f66707f4b396900e,18,100000000000000000
0xc5918a927c4fb83fe99e30d6f66707f4b396900e,0x2228e2ac9fe71f517eec12e4d9d68217c725ef21bb407c82d1dda00709137ac1,1538873076,0xc5918a927c4fb83fe99e30d6f66707f4b396900e,0xc5918a927c4fb83fe99e30d6f66707f4b396900e,20,100000000000000000
0xc5918a927c4fb83fe99e30d6f66707f4b396900e,0x2228e2ac9fe71f517eec12e4d9d68217c725ef21bb407c82d1dda00709137ac1,1538873076,0xc5918a927c4fb83fe99e30d6f66707f4b396900e,0xc5918a927c4fb83fe99e30d6f66707f4b396900e,22,100000000000000000
0x63825c174ab367968ec60f061753d3bbd36a0d8f,0x6527b08248afcada5bfd2a3dbf0ebc94fcaaa56951510be776ca87a9221b8a1c,1573633572,0x63825c174ab367968ec60f061753d3bbd36a0d8f,0x9ae49c0d7f8f9ef4b864e004fe86ac8294e20950,8,287223176072738381
0x5d154c145db2ca90b8ab5e8fe3e716afa4ab7ff0,0x8e17f5aa430c974a87e22b61c077662556f424a401899298f6cf546ea100078b,1559839141,0x5d154c145db2ca90b8ab5e8fe3e716afa4ab7ff0,0x9ae49c0d7f8f9ef4b864e004fe86ac8294e20950,8,129240391
0x5d154c145db2ca90b8ab5e8fe3e716afa4ab7ff0,0x8e17f5aa430c974a87e22b61c077662556f424a401899298f6cf546ea100078b,1559839141,0x5d154c145db2ca90b8ab5e8fe3e716afa4ab7ff0,0x9ae49c0d7f8f9ef4b864e004fe86ac8294e20950,8,42418094175224
0x04a487afd662c4f9deacc07a7b10cfb686b682a4,0x52dc78270e623e82d2b3be8e13223a41bdf4b596fe2feed7d41b1b1aa87a9624,1563488233,0x04a487afd662c4f9deacc07a7b10cfb686b682a4,0x9ae49c0d7f8f9ef4b864e004fe86ac8294e20950,4,540486970377912
0x04a487afd662c4f9deacc07a7b10cfb686b682a4,0x52dc78270e623e82d2b3be8e13223a41bdf4b596fe2feed7d41b1b1aa87a9624,1563488233,0x04a487afd662c4f9deacc07a7b10cfb686b682a4,0x9ae49c0d7f8f9ef4b864e004fe86ac8294e20950,4,293878922139183
0x04a487afd662c4f9deacc07a7b10cfb686b682a4,0x52dc78270e623e82d2b3be8e13223a41bdf4b596fe2feed7d41b1b1aa87a9624,1563488233,0x04a487afd662c4f9deacc07a7b10cfb686b682a4,0x9ae49c0d7f8f9ef4b864e004fe86ac8294e20950,4,159790754654643
0x5d154c145db2ca90b8ab5e8fe3e716afa4ab7ff0,0xaf6ee9b386f4deba992980f8e7d0ce09fe46a55e41c0f268df13fa6be46863f4,1563677603,0x5d154c145db2ca90b8ab5e8fe3e716afa4ab7ff0,0x9ae49c0d7f8f9ef4b864e004fe86ac8294e20950,4,5469221575656
0x5d154c145db2ca90b8ab5e8fe3e716afa4ab7ff0,0xaf6ee9b386f4deba992980f8e7d0ce09fe46a55e41c0f268df13fa6be46863f4,1563677603,0x5d154c145db2ca90b8ab5e8fe3e716afa4ab7ff0,0x9ae49c0d7f8f9ef4b864e004fe86ac8294e20950,4,3009185896549
0x57f8160e1c59d16c01bbe181fd94db4e56b60495,0xb709499a29f10cb3be56831f4cdfdf053fa94cc5945c57bc69a91459045085b4,1559847256,0x57f8160e1c59d16c01bbe181fd94db4e56b60495,0x9ae49c0d7f8f9ef4b864e004fe86ac8294e20950,10,398654596572395399
0xc02aaa39b223fe8d0a0e5c4f27ead9083c756cc2,0xc79d2852db6a95cdd6fda34816853aa1dd80e37a136478825631c3afa4100a11,1559598402,0xc02aaa39b223fe8d0a0e5c4f27ead9083c756cc2,0x57f8160e1c59d16c01bbe181fd94db4e56b60495,7,400000000000000
0x5d154c145db2ca90b8ab5e8fe3e716afa4ab7ff0,0xc79d2852db6a95cdd6fda34816853aa1dd80e37a136478825631c3afa4100a11,1559598402,0x5d154c145db2ca90b8ab5e8fe3e716afa4ab7ff0,0x9ae49c0d7f8f9ef4b864e004fe86ac8294e20950,10,4791112561850
0x5d154c145db2ca90b8ab5e8fe3e716afa4ab7ff0,0xc79d2852db6a95cdd6fda34816853aa1dd80e37a136478825631c3afa4100a11,1559598402,0x5d154c145db2ca90b8ab5e8fe3e716afa4ab7ff0,0x9ae49c0d7f8f9ef4b864e004fe86ac8294e20950,10,1178620082247166
0x57f8160e1c59d16c01bbe181fd94db4e56b60495,0xc79d2852db6a95cdd6fda34816853aa1dd80e37a136478825631c3afa4100a11,1559598402,0x57f8160e1c59d16c01bbe181fd94db4e56b60495,0x9ae49c0d7f8f9ef4b864e004fe86ac8294e20950,6,400000000000000
0x63825c174ab367968ec60f061753d3bbd36a0d8f,0x4da2508bf0460954f9fb666e4e332b2b9a4607870bc390447e2b13d45723cb7a,1571674626,0x63825c174ab367968ec60f061753d3bbd36a0d8f,0x9ae49c0d7f8f9ef4b864e004fe86ac8294e20950,11,3912554857599737
0xc02aaa39b223fe8d0a0e5c4f27ead9083c756cc2,0x4da2508bf0460954f9fb666e4e332b2b9a4607870bc390447e2b13d45723cb7a,1571674626,0xc02aaa39b223fe8d0a0e5c4f27ead9083c756cc2,0x57f8160e1c59d16c01bbe181fd94db4e56b60495,8,2000000000000000
0x57f8160e1c59d16c01bbe181fd94db4e56b60495,0x4da2508bf0460954f9fb666e4e332b2b9a4607870bc390447e2b13d45723cb7a,1571674626,0x57f8160e1c59d16c01bbe181fd94db4e56b60495,0x9ae49c0d7f8f9ef4b864e004fe86ac8294e20950,7,2000000000000000
