0x4f2875f631f4fc66b8e051defba0c9f9106d7d5a,0x8c7d7d567fbbeec527e4661b7bbd161d1ee45cef59aa83f5706497e4a1f7fb25,0xdf2441be44a6524fd2749590a2e56d557255fc9bc8058a647a13536f158eab71,1510126517,1510126763,0x1e3f49b5814cfee970d826623da2b98acd87df89,0x4f2875f631f4fc66b8e051defba0c9f9106d7d5a,0x1e3f49b5814cfee970d826623da2b98acd87df89,0
0x910b6c29e070deb0d74c7234ada81658c779940a,0xd048391ccfa1abd7b132c3f06c63f4e40d866300831286540a6305756e99ebd9,0xbd09327d1980eb7d281c0f62824d4c19c425e67679d57eb6fd9a4da565315c32,1533165353,1533165603,0xbe551345db7534d37c7f446d2391fb7102222151,0x910b6c29e070deb0d74c7234ada81658c779940a,0xbe551345db7534d37c7f446d2391fb7102222151,0
0xc0ffee0505d21342cd503bc57ed33fc2cec7f225,0xf7094508f80a6216713c1a5676e6bfbeef85bbef6c3c61b90beda4991bf60e53,0x23ec9d90159fc17ac8f54de67d21467f668f5a352bc44d9dacc88ba5fa6afe59,1560021927,1560024127,0xe90edba7c43f4f14461e311f1a0b591ade2bcd93,0xc0ffee0505d21342cd503bc57ed33fc2cec7f225,0xe90edba7c43f4f14461e311f1a0b591ade2bcd93,0
0xc0ffee0505d21342cd503bc57ed33fc2cec7f225,0x941bb48284b713a8fea5f73367d776c64458303da1220537a5931bd0dff13ec6,0x23ec9d90159fc17ac8f54de67d21467f668f5a352bc44d9dacc88ba5fa6afe59,1560022106,1560024127,0xe90edba7c43f4f14461e311f1a0b591ade2bcd93,0xc0ffee0505d21342cd503bc57ed33fc2cec7f225,0xe90edba7c43f4f14461e311f1a0b591ade2bcd93,0
0x863df6bfa4469f3ead0be8f9f2aae51c91a907b4,0x05f71e1b2cb4f03e547739db15d080fd30c989eda04d37ce6264c5686e0722c9,0x47f7cff7a5e671884629c93b368cb18f58a993f4b19c2a53a8662e3f1482f690,1509978827,1509981921,0xae7168deb525862f4fee37d987a971b385b96952,0x863df6bfa4469f3ead0be8f9f2aae51c91a907b4,0xae7168deb525862f4fee37d987a971b385b96952,0
