0x1971066fa9419a03a07cca394204915818d6c140,0x1143660406c893b1aa4b7c72e82e8e2355743c58c7207e1c22796dbb721b13f4,0xbb6c4d2b42008cd543b78a934adf56551eb8036b482dcf3eaffd3cb72815d882,1500489406,1500489406,0x1971066fa9419a03a07cca394204915818d6c140,0x1dba1131000664b884a1ba238464159892252d3a,9000000000000000
0x851286854a2c56eb74a082fdad9d3cf87a218df9,0x8649a2a98d02f4ac28ded9123c65a23e4bb90531f746e65a574ad3981aab1f1a,0x166dd0ef5d40ae45f8d0b9cd94329d280fce9dd4e943109e851b030d97cb80a8,1500503914,1500503914,0x851286854a2c56eb74a082fdad9d3cf87a218df9,0x1dba1131000664b884a1ba238464159892252d3a,3231181432096011
0x851286854a2c56eb74a082fdad9d3cf87a218df9,0xd63146b0782fe486a35ba50ddb8f4003a02ff497fdf901ebe62a06cc7e7043c8,0x98653733401d8ca3ec44d3cd137203e2e5c039a13f1ae9c813e2293827ed9cc0,1500816560,1500816907,0x851286854a2c56eb74a082fdad9d3cf87a218df9,0xb69a08908cfcb4d8524808fe5877da2d1b831864,8000000000000000
0x851286854a2c56eb74a082fdad9d3cf87a218df9,0x79dc16befe8aed40852de637f49c39e5fe29fa73ecd375a41e3265654b507a32,0x7e920044148398f277181af517e1aed14dfd5e03931e2d19a4a907253ea09257,1500884875,1500884885,0x851286854a2c56eb74a082fdad9d3cf87a218df9,0x0026f5f2592a445a30c60dda62eda79eea26e943,340998033292156
0x111115111fd0953445d624ceaac28d0ad0c9e74f,0x59d31df35cbdd874291a9c473cece5ebf5bd7cfb4e93367e7c537398dde4a3e0,0xf313ffb528f8d0ac2ef3d92f0f835a6aaa865dfe838d2f315c1f3bca7543602d,1500489266,1500489266,0x111115111fd0953445d624ceaac28d0ad0c9e74f,0x1dba1131000664b884a1ba238464159892252d3a,74397842804882440926
0xb32db51ba30c80a21a775635c1b6d6a01754fd06,0xb08c37e9f540d5b8a1f2c89a4b842aa45b9e6cd462ef427e567f8d53f41f64de,0xdfe8377bd49fd586969e97ddf7772526dc45ae41343c53508d10fea69d00cfa8,1500497032,1500497032,0xb32db51ba30c80a21a775635c1b6d6a01754fd06,0x1ff21eca1c3ba96ed53783ab9c92ffbf77862584,12155000000000000000
0xaa693f51d92179c282c700b7e2a6e7052823c291,0x94a57968b5e995aa5d35a39ec6c517430c41d0c5fbb5fc4120bca293f23f2be0,0xd8643bc47a5e47e2539f551fbca7325223968f383e64f83a3709072c81382999,1500489306,1500489306,0xaa693f51d92179c282c700b7e2a6e7052823c291,0x1dba1131000664b884a1ba238464159892252d3a,1500000000000000000
0x75520dafacbe7669820f82709ca2feae9ec4f57d,0x9707f8e32f9e45c36387f7deb84fc632cef6bc3d2381e8e769d93a88c525d1a6,0x5e5a158af388f7206152e5c473c9630025d8878726ac5efee69833d21856491d,1500489286,1500489286,0x75520dafacbe7669820f82709ca2feae9ec4f57d,0x1dba1131000664b884a1ba238464159892252d3a,3500050000000000000000
0x91efffb9c6cd3a66474688d0a48aa6ecfe515aa5,0xff261a49c61861884d0509dac46ed67577a7d48cb73c2f51f149c0bf96b29660,0x0e0d16475d2ac6a4802437a35a21776e5c9b681a77fef1693b0badbb6afdb083,1500416916,1500417203,0x91efffb9c6cd3a66474688d0a48aa6ecfe515aa5,0xb3764761e297d6f121e79c32a65829cd1ddb4d32,26793000000000000000000
0x91efffb9c6cd3a66474688d0a48aa6ecfe515aa5,0xecff18b2e3df9a635665854b126dd39020b6a37b6e54b8af48dc1f8f482e936d,0x4a76882a597d506148e80a810ba726da7a8d7838f7678f631d441a6c7a769f51,1500492824,1500494149,0x91efffb9c6cd3a66474688d0a48aa6ecfe515aa5,0x07040f3ecf94c9a41b5674bd4e6f22ee7077b2df,993388136496072192
0x91efffb9c6cd3a66474688d0a48aa6ecfe515aa5,0x5bedcd72b374316440357df855866c985e4a4adb9e117965ca04db710e2586d7,0x4a76882a597d506148e80a810ba726da7a8d7838f7678f631d441a6c7a769f51,1500493653,1500494149,0x91efffb9c6cd3a66474688d0a48aa6ecfe515aa5,0x07040f3ecf94c9a41b5674bd4e6f22ee7077b2df,993388136496072192
0x43c0d31adb89df0e6b02bf2bd9acb0696fe41e46,0xea2788de4e4afad9382820b95543b475ae0a5b42bd4182bb05af845c5d440b89,0xe5d9796283186d8ba2049f1e4f9aa53584c59f9fe1e83e5e5178138648257fc1,1500489442,1500489442,0x43c0d31adb89df0e6b02bf2bd9acb0696fe41e46,0x1dba1131000664b884a1ba238464159892252d3a,2000000000000000
0x637cc72b210546e0af1590fd2c9153501f3d1bfd,0x905838ddabc73ad45b4517acfb3137e74b912878d6470b51375fba49b1de9e5d,0x28019471c5de929088926b020d3ffef7ba0a4ef96b132d69c9bf52a5025936f4,1500489312,1500489319,0x637cc72b210546e0af1590fd2c9153501f3d1bfd,0x1dba1131000664b884a1ba238464159892252d3a,1071673822858548784718
0xccfa829f12bd1b7618702ace114a0e464f311f6e,0xacdd6a9e0d0a2d00e7c8631691f6bbf6b2e56c883a1f79bdd1f6de20e3a839a9,0x84377a54d43930c781b7bdeb19d369a98c561c65b91273b61a7010b9e8798281,1500489406,1500489406,0xccfa829f12bd1b7618702ace114a0e464f311f6e,0x1dba1131000664b884a1ba238464159892252d3a,80907910000000000
0xb4e63046001074b223872137174eec63a7e12cf5,0xc6a028ef096335cefcd6b0e10e84582762e79cbb81eddd35474acd5db842beb3,0x60ca15b75665babd2a788001cac6dd516add87582bbea7b071f6464c222eeeb2,1500496810,1500496827,0xb4e63046001074b223872137174eec63a7e12cf5,0x1ff21eca1c3ba96ed53783ab9c92ffbf77862584,202122540786000000000
0xe50634f6cabc048e069ead7ddda94dcf51173841,0xc379fd7c4d9aa43033fe19ac60ea3d111453a1777f17d7468b974f2aa9ce6627,0xa49efad8d73ffb9ef059682a01db7d85d57019b80b70b5074a0ae5fe32e9479c,1500489406,1500489406,0xe50634f6cabc048e069ead7ddda94dcf51173841,0x1dba1131000664b884a1ba238464159892252d3a,59051583323919257
0xe50634f6cabc048e069ead7ddda94dcf51173841,0x75e756df89470c3b1e96b18caf2dbc84f4746d90b4c05a304c961dc806622050,0xea64cfe33fd4f36e38ebf11a2464a6dc0ebe39e08bc1a4ed3d96182a2f01e922,1500637895,1500638015,0xe50634f6cabc048e069ead7ddda94dcf51173841,0x32ef5500201277501f98a05ab3457ef6e5d20cdc,59329417257962561
0x5ed38634c678a8d5a95234b4b7b2ca07e5bb80a0,0x2e74bed72a43f02ed51019c1dab862a127886b94d3d216944b2961f7f6f40734,0xb10d1bcabe5d166fe93bb9be9946251773a7ed05c78fed91fc51f2787f4d6e59,1500489306,1500489306,0x5ed38634c678a8d5a95234b4b7b2ca07e5bb80a0,0x1dba1131000664b884a1ba238464159892252d3a,1109664063772724648
0xc7d3ac5ccaa44f3f0652613ab79adca97090e780,0xf8c94571d5f62fb111dc37ab1fbebfa03409e7a01278f7eb5343353a883c08ef,0xd1f41f85e8815febd8d7a392d67b6d529d0586c0418db8525d1430b73bca35db,1500489442,1500489442,0xc7d3ac5ccaa44f3f0652613ab79adca97090e780,0x1dba1131000664b884a1ba238464159892252d3a,1000000000000000
0x10df28c3ccf3300dd8ff924d9f15440f46d918f7,0x6ab8c9c4e20669964b921ecaeab44597501c00366815c176456bc65a73376426,0xa040baeec3ec3580e6d3422c7bd75f66b5b84cb41f95c8a8a4278b6f9ee1c6b6,1500489406,1500489406,0x10df28c3ccf3300dd8ff924d9f15440f46d918f7,0x1dba1131000664b884a1ba238464159892252d3a,90000000000000000
0xab88b9bc99476dd4d7d8a1d8381066519359f243,0x0a7537d88582fa627af0f75d72ac75cb239c8bf536b84b4f13766eaf5a7847bf,0x803e3bf9da1382f20889000a83fc737d8bee878beda06dad5b3441835bf7ca99,1500489286,1500489286,0xab88b9bc99476dd4d7d8a1d8381066519359f243,0x1dba1131000664b884a1ba238464159892252d3a,16600000000000000000
0x8edaaaf2f30edd0a561c219f475fff026cdac575,0xfa74a6a6e236221bab78d71ace7f45025114eacade6960e9a9c9c146a719aad6,0x1b7a41b94c14d646923855e12e2090b205965ca69e0053068fc17cbb332021a0,1500489406,1500489406,0x8edaaaf2f30edd0a561c219f475fff026cdac575,0x1dba1131000664b884a1ba238464159892252d3a,99493560000000000
0x73f879679b0fd8b25196834fe3e7a9615ea1b608,0x4f38d5d8f0cedee2276a355192b6153d1670d49dcc2d25654b19e852d83fa35d,0x4eb607382309fc055a76e139f2c5ea3227eecc4f20e1ab7e619818f9ce1e51f2,1500489286,1500489286,0x73f879679b0fd8b25196834fe3e7a9615ea1b608,0x1dba1131000664b884a1ba238464159892252d3a,299995048589999999990
0xf9ee19fa632d737af5614f646c0ce10ec7694031,0xc8d15007aaad68cdf09acebba908c23a7fbf5d0e1d6341df31175059d2229278,0x24097428a110c0057e4bea62a21c749874bd7090d2d9dd7c2d5cb153f14bfc83,1500502747,1500502747,0xf9ee19fa632d737af5614f646c0ce10ec7694031,0x1dba1131000664b884a1ba238464159892252d3a,70326052000000000
0x779cdcb772d2afd7a74418637382d40b4a4330fb,0x66ff8614e5cf3751ba271f176be64a83be691c96000735598da13aa9f71d4eae,0xc107400b990e04c92a79656b639ec41a82b4bb4fb49791f29dc33409e9031cb3,1500489406,1500489406,0x779cdcb772d2afd7a74418637382d40b4a4330fb,0x1dba1131000664b884a1ba238464159892252d3a,10000000000000000
0x4013f4f6ec28f84ea9071336466bf8916f179852,0x3f910929eb0e9aaa60ad43be32aa93b7a0d69b11e3ab3c3cf81ad9d7227ee7e6,0x1f931c423c61c9d1995679fe05d25bb336abcd0e516237e0b80ab5f3474ff240,1500489274,1500489274,0x4013f4f6ec28f84ea9071336466bf8916f179852,0x1dba1131000664b884a1ba238464159892252d3a,5390000000000000000
0x3ca7d3b7ba818b806d7a1975e8b92e6f55fd0e7e,0x4800f2a150ba9dd8ad09a30309a25fce7b5d24eff654cda5a0e0b07bc1b26f61,0x28b0eb224d6a92cc37b25e7f6d32effc15b6dec8fea6f83659dea34ff8130499,1500626379,1500626459,0x3ca7d3b7ba818b806d7a1975e8b92e6f55fd0e7e,0x32ef5500201277501f98a05ab3457ef6e5d20cdc,10999920000000000
0x3ca7d3b7ba818b806d7a1975e8b92e6f55fd0e7e,0x60a504e50e047f955b80902a35bedeacb4f032b8d8b42f7cc99b3422035bde93,0x7c72ca227a8e1cec92b1acaab077964ef4ce215e3e8579e1aee0c4e1d2554ad0,1500872642,1500872772,0x3ca7d3b7ba818b806d7a1975e8b92e6f55fd0e7e,0x0026f5f2592a445a30c60dda62eda79eea26e943,12263440000000000
0xfe7e3ee7d3fcd8f3957aafb8348a38d229e4409a,0x43f920b2a5ec36ebdeb1b680eec3b20a755153ab137e3d58bdb852cfdf6ea9ad,0xf7b74eeab8ea56dbafc38558f15732a4619ddd34bc9f4aab6df96cf8f86b6b85,1500489306,1500489306,0xfe7e3ee7d3fcd8f3957aafb8348a38d229e4409a,0x1dba1131000664b884a1ba238464159892252d3a,12017531183558901529623
0x01dbb419d66be0d389fab88064493f1d698dc27a,0x3bbbe052050bce6be45537c6847f4baf8609f11adfc4a4100aac25814154c937,0x992e6377a339b6c933871053eb5e7f072ac0bffdeb1421ed6200690b812c9745,1500489274,1500489274,0x01dbb419d66be0d389fab88064493f1d698dc27a,0x1dba1131000664b884a1ba238464159892252d3a,56370777896189830879613
0x01dbb419d66be0d389fab88064493f1d698dc27a,0x38b0e765e2482eaac44c242a0c9f752b7a8a24da59f994a75fcbf9b0b44d5c0c,0xb288cb3ea2441763a8d2df8a6090981581e087fb997165b0615878b345ae65a2,1500490708,1500490708,0x01dbb419d66be0d389fab88064493f1d698dc27a,0x3241971ec3ae953d8ea2294c6a824c9a35aa9825,5150000000000000000
0x01dbb419d66be0d389fab88064493f1d698dc27a,0x4698634f42b5d85f608b98f1e70d5bef369e6cb5f0cc781cb94787b2ef37574e,0x39cc0bab3a9028a7d3fb309e238fdc9f36c9b3492dc1dc10fa4cfc39ceb49a79,1500496869,1500503162,0x01dbb419d66be0d389fab88064493f1d698dc27a,0xdfb692d180cae04bb29b6cd9878ede2ec8e79f45,10240000000000000000
0x01dbb419d66be0d389fab88064493f1d698dc27a,0xb4824fa8b09cc90888ab9a5433d0e47c1b34e08fb3e0a8949a9facc2bb130f13,0x6bf741ce5395d99121a453960dec26241d8929b8ef9e5c5c41812275799e483f,1500494911,1500495104,0x01dbb419d66be0d389fab88064493f1d698dc27a,0x1ff21eca1c3ba96ed53783ab9c92ffbf77862584,1500000000000000000
0x01dbb419d66be0d389fab88064493f1d698dc27a,0xb4824fa8b09cc90888ab9a5433d0e47c1b34e08fb3e0a8949a9facc2bb130f13,0x12cd122a168fd12a04edae99f2097126c9aa7cfa5e46c58682336f70387939b8,1500494911,1500495175,0x01dbb419d66be0d389fab88064493f1d698dc27a,0x1ff21eca1c3ba96ed53783ab9c92ffbf77862584,400000000000000000
0x01dbb419d66be0d389fab88064493f1d698dc27a,0x4aaa6cf27d1e5520292e16d1cd3bd9a3d299854aff3ba2aab10a79081daea19c,0x9384ff20cf53e11648d68e79c44b67c85b1e2ffc02f66095ec4cfda9030f9d70,1500498692,1500498692,0x01dbb419d66be0d389fab88064493f1d698dc27a,0xd1f27c48b948d49f3d098f499b8a1830d8a7e229,1197000000000000000
0x01dbb419d66be0d389fab88064493f1d698dc27a,0x44dc822b842879851b848a107adae1a0fea1e8d4605618ce18f750b94a79199d,0x39cc0bab3a9028a7d3fb309e238fdc9f36c9b3492dc1dc10fa4cfc39ceb49a79,1500501478,1500503162,0x01dbb419d66be0d389fab88064493f1d698dc27a,0xdfb692d180cae04bb29b6cd9878ede2ec8e79f45,10240000000000000000
0x01dbb419d66be0d389fab88064493f1d698dc27a,0x8f85b78268b4e0fb012d70df92593d5ad5ded6d971e9ecd1567372aae02dc84b,0x39cc0bab3a9028a7d3fb309e238fdc9f36c9b3492dc1dc10fa4cfc39ceb49a79,1500502012,1500503162,0x01dbb419d66be0d389fab88064493f1d698dc27a,0xdfb692d180cae04bb29b6cd9878ede2ec8e79f45,10240000000000000000
0x01dbb419d66be0d389fab88064493f1d698dc27a,0xce71b181e14ff8794f2719a6872ceec4b57e5b2485cda8d23205b02139fc4f74,0x39cc0bab3a9028a7d3fb309e238fdc9f36c9b3492dc1dc10fa4cfc39ceb49a79,1500503104,1500503162,0x01dbb419d66be0d389fab88064493f1d698dc27a,0xdfb692d180cae04bb29b6cd9878ede2ec8e79f45,10240000000000000000
0x01dbb419d66be0d389fab88064493f1d698dc27a,0xb49a9d6235c0bbaca46b7f62071abbf197945ed2baaf5bd557b7824965fa3553,0x024ee6558320288e673eb0ab13aa146e31b1d61c04f41b0f1be1fd4cb06aef4b,1500501135,1500501614,0x01dbb419d66be0d389fab88064493f1d698dc27a,0x7ec74161ab8b8cb6d2c6ad317d9734a6056b8a52,90000000000000000
0x01dbb419d66be0d389fab88064493f1d698dc27a,0xb49a9d6235c0bbaca46b7f62071abbf197945ed2baaf5bd557b7824965fa3553,0xcd35dd43bba29abd528b25d55f72ac3e4ffd1bdd787ffe956e40347dd948e0d3,1500501135,1500501289,0x01dbb419d66be0d389fab88064493f1d698dc27a,0x1dba1131000664b884a1ba238464159892252d3a,1900000000000000000
0x01dbb419d66be0d389fab88064493f1d698dc27a,0xb4dea8a36e3e7cb96a88bea6935c5c18f4d45e7147f05d1cb6a9bb60fc9cf00f,0x9ace2f0dd806319f8e8d730235a7f8e93938bd9ad193aa1ca21ceb19d44c9817,1500520238,1500520354,0x01dbb419d66be0d389fab88064493f1d698dc27a,0x35ec328b4a0bb5b370b5bbb112b0891d4688a77f,8000000000000000000
0x01dbb419d66be0d389fab88064493f1d698dc27a,0x3431cf6a0ab1b00ac994ae459a5f2860b9d7d46d3f5106a25e8db6b9be6e2f57,0xf914fe9f723db1362166f7f5d9a6fee861baa58059d8865639d3d57f2a96e186,1500521721,1500522121,0x01dbb419d66be0d389fab88064493f1d698dc27a,0x13370ca2e8426a82bcfcce21c97817a243c521cf,500000000000000000
0xed1475eee0c969d4877bd05ffdd6bfdc84b821da,0xc851f8fee7b9ae632400c165cdda239a1ac5aefa505fff1ce27bbf6f4825056b,0x3b9ef3074c501eed57557720e4e9a47a58fcb43ba2656543d2254f25372e2443,1500489286,1500489286,0xed1475eee0c969d4877bd05ffdd6bfdc84b821da,0x1dba1131000664b884a1ba238464159892252d3a,185227590490000000000
0x8e4b3eadf078a80a3308da16fce741c2c20305a1,0x955741eba089682be6d46d4b7926a7570e9b9aca222e1b860e5739302bc5a0b6,0xb4cfeef9c1ff996e46a25365c1ced0fbccc6d0d96c4e1a7ea444f3b473ea0a3e,1500489406,1500489406,0x8e4b3eadf078a80a3308da16fce741c2c20305a1,0x1dba1131000664b884a1ba238464159892252d3a,10000000000000000
0xc511c9934e9e314da30dffa170d6eb33947ec4bc,0x61e0ccb285dad0740d7c27f79210648b8a83749e593e53c62fc952bdca144c88,0x3cae9e63f49ecba7c502650f0581b03dc7785db412aff39a6f31b3e347c16972,1500489335,1500489335,0xc511c9934e9e314da30dffa170d6eb33947ec4bc,0x1dba1131000664b884a1ba238464159892252d3a,469324257000000000
0xb68dd3322631244b553fea98040399a4258cf04d,0xe8b2e1f40ae6859f7576344329baa261e927e10cca473b951364cb6dc6ff2f18,0x7e25b34b5eaa32a2a4481d713e69fb3be919645a31658209813c96efda7e126f,1500489286,1500489286,0xb68dd3322631244b553fea98040399a4258cf04d,0x1dba1131000664b884a1ba238464159892252d3a,2000000000000000000
0x22dc62c96de482743b231f29326a3d18b2d73eb2,0x827ac04b67a87b926f6c3e5ae92987a426a7eb91dc8eb201df5647ca1193e067,0x408487226e0dd8abd7a85d017782c18d5755a452d021d169b82b2daa3b88c143,1500489397,1500489406,0x22dc62c96de482743b231f29326a3d18b2d73eb2,0x1dba1131000664b884a1ba238464159892252d3a,100000000000000000
0x248743463983b3b0c667717bb8c30e5ac79199bb,0x50f5645902c07a5beec28a674463b583d60b53f79f87feb27408e15dce955fbe,0x5864c4376e5cb0d32c731194c58441bf4381806051efa16e7e3368f7aebe58b4,1500489406,1500489406,0x248743463983b3b0c667717bb8c30e5ac79199bb,0x1dba1131000664b884a1ba238464159892252d3a,5000000000000000
0x4e2c8e58aefaf56b8eaa5d3a5c23cbfcf96c9aed,0x7340b3121de37f966a663badd834d680002ab75662c52a48d02eda695919d3fc,0x3aae36c231dfa1d413c9772a00ad9c92ce52bbf29e746f0f27575f42ea0bcdaf,1500489406,1500489406,0x4e2c8e58aefaf56b8eaa5d3a5c23cbfcf96c9aed,0x1dba1131000664b884a1ba238464159892252d3a,9000000000000000
0x80be1f02d789db2704be5a9f6b97ec8713ebc529,0xd5bf7c0681a747b8e4d0b309d8b949dd4e4b612c18c0fa584a00232f549d16bd,0x2cbc77087cf0272df4c79101cb79e1c71eb4275ae50007cb1e29cb16722ffde4,1500489347,1500489347,0x80be1f02d789db2704be5a9f6b97ec8713ebc529,0x1dba1131000664b884a1ba238464159892252d3a,200000000000000000
0x03a62c4b61e7118025b8c253b2e09cf74ca0f31a,0xd154f5ce446a5e7a5af2e3e80cbaf5609866b2f78c569a5ccb5820877541ee15,0x9c9f72cb4ac397f075faee8ce536c4f0046fab7a3b46153d6618f82d40380d41,1500489406,1500489406,0x03a62c4b61e7118025b8c253b2e09cf74ca0f31a,0x1dba1131000664b884a1ba238464159892252d3a,9000000000000000
0x2c6647d4c95b9e064ceb48727cb4f4918c16d824,0x185d63cf2494d66b86b54b3f57c324a4379c445ec5447670305279c37ac412de,0x47aa86b1289cc88fcfa5e06ecddc315f8f023db5929fec730c7f28679e871c8e,1500489406,1500489406,0x2c6647d4c95b9e064ceb48727cb4f4918c16d824,0x1dba1131000664b884a1ba238464159892252d3a,50000000000000000
0xc4724c8546c9c4e26d08182f803e0b51a061357e,0x25952d30a3727944001a4018c6703969a4bac6844d2660ef8fbcd17cf94bb45c,0xb12de3cbdef3cac81a54723cf390270714ab6ba98bfffc8b07a68797b9a7632a,1500500304,1500500304,0xc4724c8546c9c4e26d08182f803e0b51a061357e,0x1dba1131000664b884a1ba238464159892252d3a,77900000000000000
0xbcb2797f9a74d9099d6077c743feb3bc812eb2a4,0xb809f51902de6394457580c76dafe9ece83aed250a6fb56b3c582708525d43b3,0x974d0424b726b929e228b5791a48566aefa2a2c7b865ba86c6b49a87008ba8e9,1500489447,1500489447,0xbcb2797f9a74d9099d6077c743feb3bc812eb2a4,0x1dba1131000664b884a1ba238464159892252d3a,265150000000000
0x8ee1dfed72c8c401da3525033d471420a1da466b,0x103964be9e552e23a6d550983b75ebf4893dd3a6c5443d49afbb6190c3afde04,0xef31905c401e0a43024c201f6e7f5d4422052afc28b4618077b1b9c26781d73a,1500489447,1500489447,0x8ee1dfed72c8c401da3525033d471420a1da466b,0x1dba1131000664b884a1ba238464159892252d3a,1000000000000000
0x06c1edc5d0fb879ab8b129dcff1f7b704782508b,0x5973cdd319220f65906350816a33e09b29f344dea16b449efc9b9f9393a273c2,0x4f55178ad347da3b65c007a1904ae4ba7203f78901a53db5d4f014b967f9f07a,1500489397,1500489397,0x06c1edc5d0fb879ab8b129dcff1f7b704782508b,0x1dba1131000664b884a1ba238464159892252d3a,100000000000000000
0xdeb5af89cd95eb814be5c1690144d1f2d7143747,0x340d3aca4fe76ad09c253343affa6b0b0a8ac2cd37e1c6b9a282d4dd74933dfc,0x58318d8b7c4f16d99268d0c2e591cdff512e76c48205912c4d99fe4d0459b1a0,1500489397,1500489397,0xdeb5af89cd95eb814be5c1690144d1f2d7143747,0x1dba1131000664b884a1ba238464159892252d3a,160812978327062530
0xefc0290283c59572fc03a6cc433831935477ada3,0x4ef24ab86d3ec7d6f6cb387ca6eda75d7d0445caef57a51d050c531f0d883bb2,0xdc56a810826aa3faf57324afd8d3101ba310d80b1865118115284528059cb8f2,1500489397,1500489397,0xefc0290283c59572fc03a6cc433831935477ada3,0x1dba1131000664b884a1ba238464159892252d3a,100000000000000000
0xd93719574b0bc5f691f5da8cae9599cec1f202c7,0x866362bbc13337fe69662a2a7def6c90813711a0ebb5eacfb1b0dc4b57af0c33,0x114f71eb330693666e3933841bf43aecbb96625b925031478221fc29133cab8c,1500489286,1500489286,0xd93719574b0bc5f691f5da8cae9599cec1f202c7,0x1dba1131000664b884a1ba238464159892252d3a,4000000000000000000
0xd3a15d933bc568ce20e93c617822e2ffb77411ea,0x1617321a13c440579bd551d9648944e1ff0d6a785ba954bc14966a625374107d,0xb77c0806852fc9280a2a625b64d3f5578ba9777503d6a8973f117fc62cd41232,1500489442,1500489442,0xd3a15d933bc568ce20e93c617822e2ffb77411ea,0x1dba1131000664b884a1ba238464159892252d3a,1000000000000000
0xcc98745f40c668ccf6bd97a6fd954551bcc1e650,0x71de13bac2eb40a3b1fceae402e05143368e2b6e5052413012d2e97e73c5bb2f,0x446f2635f07f0be6372210a11fc7e366c2bcfe161d3f7a59623c29acb2015aaf,1500489406,1500489406,0xcc98745f40c668ccf6bd97a6fd954551bcc1e650,0x1dba1131000664b884a1ba238464159892252d3a,6516430000000000
0x01e5be25eb25a0b4ffb73d34a0b5b72b49dafa7a,0x418be73d558d0c5f02afbbaa6b4d70941bcc3db82e08a74fd0e34b922da3b0b7,0xd52075a2a104e1ddd6eae5336d9480e9f573eb3a0607de8bcba8a58a00da3508,1500489286,1500489286,0x01e5be25eb25a0b4ffb73d34a0b5b72b49dafa7a,0x1dba1131000664b884a1ba238464159892252d3a,4060000000000000000
0x062d1816ea36366a714c34b9b283f4d377dc0191,0x809920d2250a614db48b9fde80e57b5624b190eb971f256d4aa069c2eeecc4b5,0x88deaae89e6eec5b4203ec37488d5e7fc46fb7143f25b0bf7f916dcff9e6f54c,1500489286,1500489286,0x062d1816ea36366a714c34b9b283f4d377dc0191,0x1dba1131000664b884a1ba238464159892252d3a,25000000000000000001
0x8bbaf6956e8e2aef3eb8f192f5eaf48b4bbbb126,0xdf85a45bade0c19e4f3851ffed2d4a207952030214d121a6cb17079276c3803d,0xdde43e51d749397b1adc4be1c7c644348f58f0d276bc26ce49f4cca0b8389c76,1500489406,1500489406,0x8bbaf6956e8e2aef3eb8f192f5eaf48b4bbbb126,0x1dba1131000664b884a1ba238464159892252d3a,51000000000000000
0x91355a38d8eedad0bfc0a2f18c590e26e7f7df9d,0x9eb2f999c06d0bf8d4f9d79c776d30be05ed19bbace45e4af45ed8f4bf3cfa05,0xb6f4b40498d476d7ab3fd6bab474582c06cd446b81f37d74797fffb017179bad,1500861210,1500861210,0x91355a38d8eedad0bfc0a2f18c590e26e7f7df9d,0x1afde83fa82bb11101afa48802b3a2e260e86b05,1000211346245146549
0xec0dc7522ff8d3da35924bfaebeb5b8d79121d61,0x411e05743b98fd61906faf63e54adda437f4d83a0349349b984309e0b021040b,0x41d1716678e1e7c9dd42d91b2d4c17a7db438c6b2b07c414da5112c3fb4e0465,1500489274,1500489274,0xec0dc7522ff8d3da35924bfaebeb5b8d79121d61,0x1dba1131000664b884a1ba238464159892252d3a,5000175997910000000000
0xb52284ffe2560aae7b4b61a4fd079d9ca8a8aeac,0x7a55835c9c5922ac88d73309580a75d37d671859ec7a3a0e833b97e2f93c5425,0xe987c3cda77ed46d117456154bca136f5601cc6865eb5b4ccc411caefb03760c,1500489442,1500489447,0xb52284ffe2560aae7b4b61a4fd079d9ca8a8aeac,0x1dba1131000664b884a1ba238464159892252d3a,1000000000000000
0x6263c353994c14654f2b8d343dc8de2f0eecbea0,0x1e8de702981d62a874969db7363c09894384304bd82479fb1df7e08ec17c1abe,0x25d93c93317953b8e60549fab21b92a7d5107d8acd8d2b3493fc6a3d1a8d69b7,1500508012,1500508012,0x6263c353994c14654f2b8d343dc8de2f0eecbea0,0x1dba1131000664b884a1ba238464159892252d3a,4500000000000000
0x039704a4ecf78b0e1eef8f181a7838a0c68876ca,0xf963bc7c7dc8811101809b02f87c1ae74a04710d8b7cb1848c326aa4eca503e1,0x7193bfe0f86a448348e7cde02c9f724fbc9672a625879feb6a48a0881fc290d6,1500489286,1500489286,0x039704a4ecf78b0e1eef8f181a7838a0c68876ca,0x1dba1131000664b884a1ba238464159892252d3a,2000000000000000000
0xa7950e88d0c41c1396fcb84c2d50286194538b8f,0xf6b25cc82e4f8b7fc421d470c5dda48738b63e11cac792b41f07450d9e90638f,0x0664acd2b97e19fb67529849d9a36c0e66ac90495fd12e9bf169d90813495b9b,1500489406,1500489442,0xa7950e88d0c41c1396fcb84c2d50286194538b8f,0x1dba1131000664b884a1ba238464159892252d3a,3700000000000000
0xa96b0d4cacc9714f69e42bfa49cd20858eb2fe24,0x495fea2d30abbef2cfc38cad319435885c4b4590291dcc69a7bd20c7ccfc4a53,0x3768e60b4b5ff69c2af86685c94b924e7c45276404644c7a034dbb18756a1d30,1500489406,1500489406,0xa96b0d4cacc9714f69e42bfa49cd20858eb2fe24,0x1dba1131000664b884a1ba238464159892252d3a,100000000000000000
0x8a65df1c21800cb3860d7ffab517bcceea685fb0,0xe7ba922d7321202b96970d84b8cc48e4f48a479642537cec44edb0b16bd206cc,0x26aa16e70bc767877778ef0e45549ec60907fd60ec2f902335289d400980569b,1500489406,1500489406,0x8a65df1c21800cb3860d7ffab517bcceea685fb0,0x1dba1131000664b884a1ba238464159892252d3a,9000000000000000
0x2ddf00ef072b0375fd4c6f0acfd4cbe0065f9a69,0x13ab71ced0588acdb1ecb7082cd7ab1c2d3ccc53855e6c53e34c942ccdc909df,0x5fbc72f65b13229123a232cdfa993a08ef8f88a2970f7d4be6a56762277b92b4,1500489406,1500489406,0x2ddf00ef072b0375fd4c6f0acfd4cbe0065f9a69,0x1dba1131000664b884a1ba238464159892252d3a,70000000000000000
0x260a28a165081f5cfe94454543514e76ae746410,0x906ea8b19545a6e661706f63952605fdbf3127436def0e2b54876e8f83cd50d5,0xc20f938f7cad126d2577ee2d1f4a547eef9527471466bf2190c589e7c1595e69,1500489406,1500489406,0x260a28a165081f5cfe94454543514e76ae746410,0x1dba1131000664b884a1ba238464159892252d3a,60000000000000000
0xdf86984226814e2970ea94fedd9676276fedfacb,0xd08a38cdb6f5882fa7f0df734e76bd1ec6fede570387d23bd541f8f210e881c3,0x330cc3db488266d78e0fc42e1bcff1ae5ba92ab68a118e94f9c76fa3ef784cd2,1500508514,1500508514,0xdf86984226814e2970ea94fedd9676276fedfacb,0x1dba1131000664b884a1ba238464159892252d3a,214986730000000000
0xd74401db32ddd23127e7823887c5ca4d81631793,0xe637e0965a51d87239ff16b17015a8581c7207a8943340c46ed7694d8d40a3a5,0x994aafde313c2b931ddf04462c9017f7efc062716ca904103a6dbfe94def3759,1500496934,1500496934,0xd74401db32ddd23127e7823887c5ca4d81631793,0x1ff21eca1c3ba96ed53783ab9c92ffbf77862584,10021257240000000000
0x69ad38baa72a277cb83d1eccc6279552e0f25dc0,0x57b0d311d5df123673108ed4370b73cadf9e1d60cc9a74b31b469fc9c8addd7e,0x2e713f3caf43f1ff882db9c4d00677433c5361542920257c1d92241189780038,1500489406,1500489406,0x69ad38baa72a277cb83d1eccc6279552e0f25dc0,0x1dba1131000664b884a1ba238464159892252d3a,11000000000000000
0xd7c33aaff9e1fe4e970aee0bcf999a0f9c528b75,0x7db5d08e5c819a3e2ad166fe028b650051cde56f20eed8b45299995c9ac8596a,0x56c44dc6d6eecb3fff61fea09f25a3b35416a4b01e51d1ef837b76c2262326f9,1500508821,1500508821,0xd7c33aaff9e1fe4e970aee0bcf999a0f9c528b75,0x1dba1131000664b884a1ba238464159892252d3a,80000000000
0x7f8e70a2851942346eb08ac9b506f83ffbff1138,0x96d047b086c16c4fd2d510da21097451224d1107a2468eaec2d671d209ecb781,0x940e757a1a66a0aa3e069977e0c8d2eb2677c2e3e3159736e160ea494086f061,1500489406,1500489406,0x7f8e70a2851942346eb08ac9b506f83ffbff1138,0x1dba1131000664b884a1ba238464159892252d3a,21387135525000000
0x00e97dc9df137a4065418fe6475f9465b63d9f59,0x12cd0025a460562ef551c596231fea285a9925fff8e1e4b7c41ec0753f0b08c8,0x90ef4f98c16be0419919d38a6aeaecd6f252f6c074afd3077df83b6211d6a278,1500489447,1500489447,0x00e97dc9df137a4065418fe6475f9465b63d9f59,0x1dba1131000664b884a1ba238464159892252d3a,116800000000000
0x1f6cbb740f7eeb4806276376e7378dd1fa36fc11,0xdbc4aafda0ec4f5bce188d27bb4d93c402e7e7e59a984e52d52f556d32c1ecdc,0x0b9522a6c18f9809c8e96aa59509adb6108ab57dda7c1133e31874b702e013a8,1500489319,1500489319,0x1f6cbb740f7eeb4806276376e7378dd1fa36fc11,0x1dba1131000664b884a1ba238464159892252d3a,993861778431750000
0x3fec3c6e014e28566000a1be3cfcb43327d4b743,0x44a4f4333c0d52775e34c9c47d53bb27d03b31b116bb73f8f6356d1788f46146,0x1556acaa065848a50e672b2937c92a4d5b264bfa97378f73e5870bd355d685a2,1500489286,1500489286,0x3fec3c6e014e28566000a1be3cfcb43327d4b743,0x1dba1131000664b884a1ba238464159892252d3a,44227178000000000000000
0xc7a13c9ceba109499c2c00af977591b55a03e6af,0x0145dbce899707ab3c035ef20a7215e2d05d731e959f4c7c291fc3e9d7d6fc60,0x3f093bf68ff55ab8113bfe026ab6537322c4df628d02965e63b87d60c98757f3,1500489319,1500489319,0xc7a13c9ceba109499c2c00af977591b55a03e6af,0x1dba1131000664b884a1ba238464159892252d3a,999217000000000000
0xc7a13c9ceba109499c2c00af977591b55a03e6af,0xf37f206398353081a008854a9924fb342a2781ca6e75d4c7b3df6cd65ad76b93,0x3a8af76a48371ec8547a4b5eebaea91443ab7b431dfb696fd960fb3d4431629d,1500497520,1500497615,0xc7a13c9ceba109499c2c00af977591b55a03e6af,0x1ff21eca1c3ba96ed53783ab9c92ffbf77862584,100000000000000
0xc7a13c9ceba109499c2c00af977591b55a03e6af,0xf7e995eb1056d3bfc8b267a0bc0371271eb02c03c105f7f5a56bf31e75a8c8d6,0x3a8af76a48371ec8547a4b5eebaea91443ab7b431dfb696fd960fb3d4431629d,1500497615,1500497615,0xc7a13c9ceba109499c2c00af977591b55a03e6af,0x1ff21eca1c3ba96ed53783ab9c92ffbf77862584,100000000000000
0xc8987f22eadef2b68c59938d9a6dfb1fc0c4e0b6,0x415ab6be551a9fca0e9f3a57aeb5221e2939456cf1dfd557f3796020b1f0e8f5,0x3c37bcf30cb06037888027d0941aaf571758fe0536198ee9449ce4af790f2a30,1500489347,1500489347,0xc8987f22eadef2b68c59938d9a6dfb1fc0c4e0b6,0x1dba1131000664b884a1ba238464159892252d3a,209028198209949667
0xf3ee7953a11d5ffae24d12a2e8d2d77afb5a2730,0x553d69db756d0384476d949f0825103470d878e6daf9de58557a6ec0c8e4fde3,0x44c3565dc556550d581b75c7f965d11da0ece2cc8d97b1905a355ec88b3e2859,1500489312,1500489312,0xf3ee7953a11d5ffae24d12a2e8d2d77afb5a2730,0x1dba1131000664b884a1ba238464159892252d3a,1400000000000000000000
0x4022cc301cdfc1df7e1db82c7a0b4448ec1c4df8,0x1f8a44f121b2e1a580130aeae16315188109518f26fab116d45dc04f22d42dc8,0x78d033b72b776a978cf1d358f2a2254552d67aed39bfd6b039883c13f515c4b3,1500489406,1500489406,0x4022cc301cdfc1df7e1db82c7a0b4448ec1c4df8,0x1dba1131000664b884a1ba238464159892252d3a,10000000000000000
0x2270be634ed8130a0402cd106de1f04ea35fa0a9,0x2baa35de2f4faec220940ccdf412fceb4c0451b0c3deec47ad7b137872c149e4,0x65fa141bf01564d9770c8ad4fd0ffc9c01fb0f0ac4b3c4b615ef54a5031fa3bc,1500489406,1500489406,0x2270be634ed8130a0402cd106de1f04ea35fa0a9,0x1dba1131000664b884a1ba238464159892252d3a,10000000000000000
0x4c7e21914b6a1c7183455134e24023e88ee90cd1,0x6c9a08c43ea65e8f38dd4bffa76d84be7e9959d25d73c9f989828e0762d2fbff,0xfce220f4cbb3bdb65d0e8e0c30d2b78a7386eb24025487439e030e8ceb4af106,1500489306,1500489312,0x4c7e21914b6a1c7183455134e24023e88ee90cd1,0x1dba1131000664b884a1ba238464159892252d3a,1071610360000000000
0xf6a4384aa41f74714a71e01b3f3faf75a6e879bc,0xbc93fbcbaefb30ed6876520b709cd9398f3e8ae10473eb4594ee5b0a543a3008,0xd85463b00be4c7fde805f25b9491c0af615ca1073b16652e171cbef76ce2d4a3,1500489335,1500489335,0xf6a4384aa41f74714a71e01b3f3faf75a6e879bc,0x1dba1131000664b884a1ba238464159892252d3a,488528036333721686
0x77cc39282a160a4a565f10e83c36fd0544965b6e,0xb96febfa2e2263c911c5326681d8223c42bff5d8e2bd56c8efe72524ca53d687,0x55d5372a32f7096094375155e2be1fd3c974a53d130adc3a28111957562d0d8b,1500489406,1500489406,0x77cc39282a160a4a565f10e83c36fd0544965b6e,0x1dba1131000664b884a1ba238464159892252d3a,24000000000000000
0x496d9b487b78090d9ba0b15950da35bc213dd4bc,0xcfc416406cedff6f5e6bda302f4982c6753bc7a06e318696ef7cd98e8bcc4d34,0xd5bfccec528e8c35f09615357b2fac80296fa87d2287d9dc8e6aa35b64fdcf4e,1500489286,1500489286,0x496d9b487b78090d9ba0b15950da35bc213dd4bc,0x1dba1131000664b884a1ba238464159892252d3a,147306914000000000000
0x496d9b487b78090d9ba0b15950da35bc213dd4bc,0x02a5a3605f48920fbab775e00ba2292a5450a4be9acbe78e51d703b4ad504e6b,0xb9b5c1060a6f09f8b6ed5ce779ee01e87697830fffd4f2e216760c7222402c75,1500810594,1500810663,0x496d9b487b78090d9ba0b15950da35bc213dd4bc,0x1e3f49b5814cfee970d826623da2b98acd87df89,1000000000
0x3d578574e5f8e5db7936b95220e335dca7e8bbce,0xd76eae6314e5cd48375d346365f1f54db80d6b6f718a4bb4e87ae2b9592c7cfb,0x385e02a39c85083ad86766745350a61de52c2db405607f6c77b0d53e4a16aff5,1500489286,1500489286,0x3d578574e5f8e5db7936b95220e335dca7e8bbce,0x1dba1131000664b884a1ba238464159892252d3a,38178750280000000000
0x8d2ee01dd9e947067fda69e3b62064556a92d1c8,0xa67caab41d035c9b8cddd9ec54636a8a516f8e714da8130a758d2f2c043bd817,0x207bb5e06b230bec0626bfba34de9e04f886af0dd44bbf30fefa12e8e4c0875b,1500489406,1500489406,0x8d2ee01dd9e947067fda69e3b62064556a92d1c8,0x1dba1131000664b884a1ba238464159892252d3a,10000000000000000
0xd707e69e6644c2d9709a21acd7b8fbfe5a6de1f6,0xe4e2a31ba46491ec7e70143672a1c226eb50aa17e04deeaea51fa303defc8c69,0xb2581f69c20d67b40d6c677bf050bcf57985862571667d6411395554f0bbf3ac,1500489406,1500489406,0xd707e69e6644c2d9709a21acd7b8fbfe5a6de1f6,0x1dba1131000664b884a1ba238464159892252d3a,9000000000000000
0x40f69798812a1b2498d788a69e7e8edbadb72aad,0x93bd4fc84e561c4fbf943d90ea5b467c5200450e947f4920d9993a16ccd7eb7d,0x997d2513727e213134545abea0c0e9c12897411e43f3c51fed81e84db86f66a9,1500489286,1500489286,0x40f69798812a1b2498d788a69e7e8edbadb72aad,0x1dba1131000664b884a1ba238464159892252d3a,2209990000000000000000
0xcf6fd94d077a08f4e800ad01ba4faa01d9c27779,0xcc147a06557c0d445a61c104e2c9d7559a59d9a287033b361be675c538cbec17,0x369899c73e1e289c7d06395deb13fc6ee3062b3e4a8cf23d2dd3f7fa40438807,1500489447,1500489447,0xcf6fd94d077a08f4e800ad01ba4faa01d9c27779,0x1dba1131000664b884a1ba238464159892252d3a,870000000000000
0x21d32aa7d6f763a21276189046f45423dc37b14e,0x8ef85250ec62552f9f86af4623f2407bfbef83be4adbf82b07ec3b7cabd39196,0xae9159ffeb7fd774e0f8098e998a6b11cba578142132b2a0d6354dbf84123ada,1500489406,1500489406,0x21d32aa7d6f763a21276189046f45423dc37b14e,0x1dba1131000664b884a1ba238464159892252d3a,9000000000000000
0x5eef2747f49ce446f10036ddf48af6b27c3d61b7,0x528fc2446f4b646e1c9646c34ba077bfe39a43f1ef0766b90eb816154a2da37a,0x897596bed177db8c4599eedf8d4db79c6b12231284ac99f8588db5bd6c94d511,1500489406,1500489406,0x5eef2747f49ce446f10036ddf48af6b27c3d61b7,0x1dba1131000664b884a1ba238464159892252d3a,50000000000000000
0xa6ae6a5d2853262a3f591043ea63d4b06940ef0f,0xd933a423aa77a543a79ee039b27af29799606291e7f1cabf6f39a840dd1f6287,0x714fec58b753df4c46aeda1bb84e32093808f6fdee5c5a0277f39b1056ac12d1,1500489406,1500489406,0xa6ae6a5d2853262a3f591043ea63d4b06940ef0f,0x1dba1131000664b884a1ba238464159892252d3a,21367120000000000
0x30b3c64d43e7a1e8965d934fa96a3bfb33eee0d2,0x4dfa4c9d2e803d33ccf60556ed9bc150c5b954a9f9ee6604c5f0a4aadc5e7dfa,0xd1108090e7eff21c56bcb19ede55f0f1e7d04d475afa924690e086739a7f4ce7,1500489406,1500489406,0x30b3c64d43e7a1e8965d934fa96a3bfb33eee0d2,0x1dba1131000664b884a1ba238464159892252d3a,20000000000000000
0x4e2d0c204554c7f9cb1e3b3ac1e83dd3b4fc9622,0x2081edb3a596f1daef631e1aeea25cba30af9b28d92cd7f286d59a88e99e7fad,0xebd1f704e64f0f4dbb367f12e970645137a4b49039a61958233ad61d0d41e9d3,1500489266,1500489274,0x4e2d0c204554c7f9cb1e3b3ac1e83dd3b4fc9622,0x1dba1131000664b884a1ba238464159892252d3a,678041000000000000000
0x6cb2bc8af04dc5da25dfa001be49d65872e32e79,0x09383799a16cf2c4a73ef4e85396c68a4c963e0c4046d55e3c72f2f5193ab039,0xabdf9c4fd24a88b65182b36edf9741f60d95c73857f12615e4bc02005d10700f,1500489406,1500489406,0x6cb2bc8af04dc5da25dfa001be49d65872e32e79,0x1dba1131000664b884a1ba238464159892252d3a,9000000000000000
0xd1f4b2bb61b2dec72d5222a6beb062a9575d6804,0xf718b4c30f3ab7a8fec101c8b23f6a56ed6ba75a9ab7caf77152c8c9edb2923e,0x889d74af58c0b59c5c869e326b2c8b7405257ba18c9362478df1d18ac6f3088b,1500489306,1500489306,0xd1f4b2bb61b2dec72d5222a6beb062a9575d6804,0x1dba1131000664b884a1ba238464159892252d3a,1280317061668528324
0x3d52571f1ce8f035da1c1ed716f3055790274549,0x60d8e3f3dc6c7fb7ed0b398e3a1759d30c0a05d4e2548ccfddb7b0de38609cb0,0xa96558ad0b26caacc37cabd3b0e317f08a4d52b7a0eaa18463a05c3a1b52b36c,1500489447,1500489447,0x3d52571f1ce8f035da1c1ed716f3055790274549,0x1dba1131000664b884a1ba238464159892252d3a,100000000000000
0xc0968d7e104a06357c69e04e260a483b30c29a05,0x5099e7fc540512471ad674cae9af62d66556cd7444e2bf5a9cfdf55a33726fc7,0x49e0b8a2683db0e07d8677a38a760c6cf3a3bb47fcfb3586b0227d88503fa01e,1500489442,1500489442,0xc0968d7e104a06357c69e04e260a483b30c29a05,0x1dba1131000664b884a1ba238464159892252d3a,1000000000000000
0xb3740cefcc201d5cf1fa59143976332563314d82,0x4a90f5e3e58b3f50b168fd512b9468fcf24426ba134f9b098e57942708d35e18,0x40c1816fa12dd9a460b33fde32058736354026eb144f3b0c340138cc1b653195,1500496759,1500496804,0xb3740cefcc201d5cf1fa59143976332563314d82,0x1ff21eca1c3ba96ed53783ab9c92ffbf77862584,1600100000000000000000
0xc6c554d741c0eac1f70deaec54943f62ac25946a,0xca6d6976ba9a12ad84a38739efdaf695e3791dac61229ead2bde106369be5c86,0x38a0e2baccbee04f277168a59a8a1ee3c0e518d0bb6a74fd112ac8324ae5c409,1500489406,1500489406,0xc6c554d741c0eac1f70deaec54943f62ac25946a,0x1dba1131000664b884a1ba238464159892252d3a,12145115000000000
0x3b135dbf827508d8ed170548f157bdcd2dc857d3,0x89b03e2fb612740f2e08b10ddd3a6da5e14f7b6025c9d9481a11c87bac334e7b,0xdf7f912d5e65bbf768d8d7ec9ffa06c17b8b1f1edba5dbd644ddfffe2aeb0911,1500497032,1500497032,0x3b135dbf827508d8ed170548f157bdcd2dc857d3,0x1ff21eca1c3ba96ed53783ab9c92ffbf77862584,1500000000000000000
0xb1acfe19d3277c9b6e29472dbbfa0fa96f81597d,0xc72a2f94f8424413ac23399c6366f7fbcd09e990ed39da6476f2b976cc0e33fa,0x208c62b75edb55512839457414519a3ce23c0aefa176f5debaac51d45fef8cb5,1500489406,1500489406,0xb1acfe19d3277c9b6e29472dbbfa0fa96f81597d,0x1dba1131000664b884a1ba238464159892252d3a,50000000000000000
0x9ce7318fc46cddfaf3089327b4d58d54784e541c,0xf7c13189f986873951ec194ac377929396c9a2aba238e2bcbe6bb738c4da9a97,0x46beb826254bb7115f26c3461a3d26745f28dff22a3660a97090ae65dac9a7a8,1500488878,1500488878,0x9ce7318fc46cddfaf3089327b4d58d54784e541c,0x1dba1131000664b884a1ba238464159892252d3a,82128068909600000000
0x9ce7318fc46cddfaf3089327b4d58d54784e541c,0xcfb3b7df4b7de71de9d018f338362e1e552863cd93ad735ee2fd935467cdc055,0x2bbf8bf623e745607f28ff7bf8630f3dab565ebc043405fdfed09e8163d395b0,1500903492,1500903492,0x9ce7318fc46cddfaf3089327b4d58d54784e541c,0x0026f5f2592a445a30c60dda62eda79eea26e943,443040380000000
0x7bf67bdbf58a3c7a6eab82788273960702fb4dc9,0x2f8312d1030797ec40199d8e216118b592d5b7821f0ef80673214fc4099a75cf,0x31d412830f6ed7de8a1274ef345838f806d7dbf072b4b8f28279a909b867b9ac,1500489306,1500489306,0x7bf67bdbf58a3c7a6eab82788273960702fb4dc9,0x1dba1131000664b884a1ba238464159892252d3a,12000587000000000000000
0x7f379a0d99d224d487ae4751cbf261ae6037153e,0x9fc19f29152c7bae0dd1eae895628d75b527e99d0c51e08961449231e185765d,0x47fdb36154956b62f23f68df62bcd35b0bc6ad89c6029bee1910512e73ddff5b,1500497032,1500497032,0x7f379a0d99d224d487ae4751cbf261ae6037153e,0x1ff21eca1c3ba96ed53783ab9c92ffbf77862584,22650000000000000000
0x32a5b17b23d70124c9910b177b131ce3281a930b,0x0bf1660d171429553d04cbf7a00229fe216e1484ec265f36eb74f9a80578c16c,0xdc25a5b187113ac254461efce45971c3ec94af6d3a193925dc57131d536eb9af,1500489406,1500489406,0x32a5b17b23d70124c9910b177b131ce3281a930b,0x1dba1131000664b884a1ba238464159892252d3a,55000000000000000
0x20b014a0b669906781250cdcf9966d5c4ce1527a,0x5e3d4978efeab1c644cb46e8509e02cd6e33c6c117f5b4478845c358fc6159f5,0xb62d0b60fffb8ae2d2c1977226b5ce93d2cf6f7484b0458d9aefec56e923d58d,1500489286,1500489286,0x20b014a0b669906781250cdcf9966d5c4ce1527a,0x1dba1131000664b884a1ba238464159892252d3a,33503592326936608482886
0x20b014a0b669906781250cdcf9966d5c4ce1527a,0x2ab8eb48d0b0c44e790464b917ea54814a63a674a41d9722e4cc2e20dc3aed60,0x4b9eb4162868f3fad9a087578b4de7cc0395288aeea583cd1a880ffdedbb6b72,1500758761,1500758998,0x20b014a0b669906781250cdcf9966d5c4ce1527a,0x8f493c12c4f5ff5fd510549e1e28ea3dd101e850,1000000000000000000
0xfd2b11f7e1b58c7f9ccf5479aab8ed4bf7a7ee8b,0x1c3bce77acae89a3ce8e5de2d221957e1204fc189eba0f464c9325628f00f02b,0xde86a900abffaad1ace562748a0615ed89ddbe8bd2a12c876cba219343e13401,1500489335,1500489335,0xfd2b11f7e1b58c7f9ccf5479aab8ed4bf7a7ee8b,0x1dba1131000664b884a1ba238464159892252d3a,500000000000000000
0xbf764eb314daad130dbad1f75aec54990f21c29b,0x95f6bb45987d2e8cfd6071cb375ff97d1f2c5917677809de47b221c4cafea9e9,0x645e98b43e22b0edd81e7c54c162d65cd01362c3333fe199aa5460829fdb6d0d,1500489406,1500489406,0xbf764eb314daad130dbad1f75aec54990f21c29b,0x1dba1131000664b884a1ba238464159892252d3a,40000000000000000
0xf6e5e2344a12e036d3a4fed39c931e3351cb8cee,0x6771f7fdb5b91d815fb3d1e244e2c97f1a7c9040f4880cc1fb6f4875b7b58b10,0xc21f862f416e490415453c362852a7934589fa36a15df83b258642b0c578adab,1500489789,1500489789,0xf6e5e2344a12e036d3a4fed39c931e3351cb8cee,0x1dba1131000664b884a1ba238464159892252d3a,64624000000000
0x764a1c7bfd2a8dba90f41226c54e9bf88c706258,0xd69fbad6164ab36b1e786f984d7e750d4356c9f0e63b49d79352f02b7aa0a367,0x8f9705dd9751a375e45159f25e194813858be210526e948cdd0a6a0c920a8264,1500489406,1500489406,0x764a1c7bfd2a8dba90f41226c54e9bf88c706258,0x1dba1131000664b884a1ba238464159892252d3a,9000000000000000
0x55f206ccea40fb17134258f11e732f358a10822a,0xdffc77794da895999b35c6dd2bd00705e504d4a698b3b3c107d1d1809d79701a,0x3362ff6f692fa69c9cffe83f44c839d39e7f8421079c6e11ab435aaf0d46a971,1500489406,1500489406,0x55f206ccea40fb17134258f11e732f358a10822a,0x1dba1131000664b884a1ba238464159892252d3a,8885180000000000
0x9f82984f02f42b31f24d37799c9d63604f9a6f15,0x4b6d30fe12ed75ec87dda14af1258d020c557d2f688988ece24dbe5a25ae29df,0x0d3bb9dbd62fc600cedcca412678b30141b752212946b5677603b5894caf0800,1500497078,1500497078,0x9f82984f02f42b31f24d37799c9d63604f9a6f15,0x1ff21eca1c3ba96ed53783ab9c92ffbf77862584,1000000000000000000
0xf199af8b17d81c41abe6220a1d7c9fe04d0d9d2c,0x81599e48fcd9c34f8c5d5110d2fef057f41099c32daf8bd8453c327b1a982c88,0x3a38954ea827382290ddf6c8c8f7b54fc6818ce17c2a76a16a72d0985219adda,1500499611,1500499679,0xf199af8b17d81c41abe6220a1d7c9fe04d0d9d2c,0x1dba1131000664b884a1ba238464159892252d3a,1000010000000000
0x50073fbd5814cad94e60e85407dca3695d8d0439,0x7dd0da7a7889cd92ceeb790ccb0c78aa086647c0b5b78f33d9cb833f8e5e4809,0xfad006d7a3507f8064a2c51e57671e6c8211da3f73944bf63ea5d4dbbaef219b,1500489406,1500489406,0x50073fbd5814cad94e60e85407dca3695d8d0439,0x1dba1131000664b884a1ba238464159892252d3a,5000000000000000
0x6dbb825564e85925b0414fdbd41f764ec475c59b,0x14e381e565c3de4766f0830f4cc32c6ec4145ed204438612fd679e3b14af93e3,0x6f4b5451a834b8d61b2e109dccc6a3faf40fc2b1f5aba3146a50d3ed9f4315bc,1500489406,1500489406,0x6dbb825564e85925b0414fdbd41f764ec475c59b,0x1dba1131000664b884a1ba238464159892252d3a,10000000000000000
0xc78fab6904ced168b894d205d209e95708fa4809,0xab9749e0dbc3c0abcc5b0c7e6e2d456a2c5c30e4f00828765514f3a9c4f047e0,0x305281c49d27f3b2cd2c66e00352216ea68ea921fbf38f158b18260079af3a47,1500489406,1500489406,0xc78fab6904ced168b894d205d209e95708fa4809,0x1dba1131000664b884a1ba238464159892252d3a,10000000000000000
0x248c9bae4fee646906821155ef1a538e7ca978ec,0xc8f36ca7cd07975fe651b185a44d927e8cfb5ae40850638e25cb075e2283a7aa,0xa235e0f062fb3c85803ad6a0f8f161995e364e46a76b1bd4570fe247e756b59b,1500489312,1500489312,0x248c9bae4fee646906821155ef1a538e7ca978ec,0x1dba1131000664b884a1ba238464159892252d3a,1452206529871658101802
0x248c9bae4fee646906821155ef1a538e7ca978ec,0x07d635a764943f9fac92a345e32520458bd2ef6ca87b80d2386e725a85ecc8ff,0xd358e82e3aa18036cadaba1089a0c7283eef04d4d83b8f79c178503cb3e5d373,1500820060,1500820188,0x248c9bae4fee646906821155ef1a538e7ca978ec,0x6d00bf4cb163d30992a6fc09cc6fd07784821ecb,400000000000000000
0xb94f3a5ca67be4b33c73c16e84d7cd82277d772c,0xc9e92d716e4a6956f7c3d93b96346fbdd0841e503212ea23b32a1a2ab23890cd,0xe553fc1c0a45a206f65f1a4ff93dd6f0e9b0f7d5b6734ec9b1248a3dd01924e7,1500489286,1500489286,0xb94f3a5ca67be4b33c73c16e84d7cd82277d772c,0x1dba1131000664b884a1ba238464159892252d3a,27581716989999997952
0xb7aa741108ae27e02401fef2101114e5b8bb0ad9,0xbb84e897df423479eeac04d49e20274cdaca511b879751af8872d894a92cb433,0x2b1e0a1edf77e976077128c59db4393ace543a1adeb0537fcefe0620f5b3b651,1500489286,1500489306,0xb7aa741108ae27e02401fef2101114e5b8bb0ad9,0x1dba1131000664b884a1ba238464159892252d3a,13500000000000000000
0xc4623b433a77b870ef7a995c1443fe2e0657992b,0x3c6e2a789f5db7bdb59bc39a7443a739b2ebaa4f200c71fff9260a49a1625105,0x7f9338adbf5108254a5fe63e746c855bfa0e2ac2f075f8fa1946f211a543a589,1500489306,1500489306,0xc4623b433a77b870ef7a995c1443fe2e0657992b,0x1dba1131000664b884a1ba238464159892252d3a,1107300000000000000
0x26afa29ce626d9dcc331ad5e0fbd454ad6362c7c,0x2188be2d1d867fef5a17b7b2d201d0386df46a68551af35e023070646a938a47,0x165637ff2b8a7347293f55f93ead0e9bdc025b272e99b601bde08b4deb726c8b,1500489274,1500489274,0x26afa29ce626d9dcc331ad5e0fbd454ad6362c7c,0x1dba1131000664b884a1ba238464159892252d3a,6500750000000000000000
0x2993753c24323d9152e69f6589109f67b2921dac,0xabe695b61b0d3c16c45069b114f8ecd7e93c5de13bbc29c0f05ff5e77489d1f9,0x8799dc44250f97bccb2b11fcb01324eef3b4b9a5bd998c2a500ee15e3dd206b7,1500489406,1500489406,0x2993753c24323d9152e69f6589109f67b2921dac,0x1dba1131000664b884a1ba238464159892252d3a,19000000000000000
0xae307e3871e5a321c0559fbf0233a38c937b826a,0xd16dde5d22cc276871f98d51ba4dbb4868602d1780deaecc0755d9d571b84f29,0x6c5a560b216d90d8be3e0a312311fe8f3ee19c5095e9fa2f4cbeff1948ea33cc,1500489306,1500489306,0xae307e3871e5a321c0559fbf0233a38c937b826a,0x1dba1131000664b884a1ba238464159892252d3a,120883241813525696659043
0xe8ebb13902a7ab342163d2a241c1e4891798b56f,0xf86d22f0c2741d90d43be70d6eeb01f5cb5294bff0c3c6697d7d14a3f6a2e66d,0x3dcd36c47b5443824d19e9ad07b3a6e2a6662169dbee80eb15a1c365bc044d85,1500489274,1500489274,0xe8ebb13902a7ab342163d2a241c1e4891798b56f,0x1dba1131000664b884a1ba238464159892252d3a,5776906500000000000
0x8f4b3c36196a4c94c69debded3060424e339c2ea,0x50c5b90eadb75ab1ae7c96de7cccae26393de7dbe2cb66aac17ce5b8d743401e,0x623c45fe91b59bee1784a19d5f03b26ae81f3bd06926f7cb108c27ec083df24c,1500489406,1500489406,0x8f4b3c36196a4c94c69debded3060424e339c2ea,0x1dba1131000664b884a1ba238464159892252d3a,19000000000000000
0x54d920b15a6fc49f7c206df8924d5c192da4228e,0x169bfc438823cac77c72b6031cd7dca5091bfd9b47ba2e9fc2fa3cc155e7096f,0x712cdb14e474e3efbfe09fa97d638a25d16b9fa880e8544da3fb48d100fa7cfd,1500489442,1500489442,0x54d920b15a6fc49f7c206df8924d5c192da4228e,0x1dba1131000664b884a1ba238464159892252d3a,3000000000000000
