0x2e9571d5b5ace23e56664a363a6ec151246e1fb3,0xae0c9eeab6b1109dcc64565af94bc60e0db0cac9cedb8c99dd53a5da323e26f8,1523940180,376,0x2e9571d5b5ace23e56664a363a6ec151246e1fb3,0x5b42c0c4177185c26037927d1d0a25d5bf14a859
0xef4de0e97d92757520d78c4d49d8151964f6a85b,0xcac696ff62438307a1dd04f82373737864908fcb6870eb1e8e97419255614746,1579141381,358,0xef4de0e97d92757520d78c4d49d8151964f6a85b,0xa638f33388747d5f62411273f4be8919ed8c94b4
0x7104db03d97b79021b2b67793e62ee9856d72072,0x2872a63bdb02b317ef0ef69a01105011883c4a6c25c1e1dfc13352d7ac2b9fea,1523516736,156,0x7104db03d97b79021b2b67793e62ee9856d72072,0x1743d70ee991a090a08ba9055187981f961fecad
0x7104db03d97b79021b2b67793e62ee9856d72072,0xec631359678f0edf77c411222cb722f482b1f3ad375f5c3f2dac323ee1354955,1541692508,449,0x7104db03d97b79021b2b67793e62ee9856d72072,0x1743d70ee991a090a08ba9055187981f961fecad
0xec7c0ab3c2f165e790da152624dab84633be14f2,0x10256322fedae6506bcf430b324a26a917da7ca87c6ca943e385aa16b7c80804,1553176180,1602,0xec7c0ab3c2f165e790da152624dab84633be14f2,0xe472ff8b87426d53b2969cb3b115c7d9d0c46aa7
0xa5e0b730a25d264179eba8e81fa135bc68c4a328,0xa52a2830d8dc41df40e6e186b93025c705339e56baf373c8f9ee4a2d8befd336,1576947183,1002,0xa5e0b730a25d264179eba8e81fa135bc68c4a328,0xaf19ff631220e1d80baff51f82492227d7448a54
0x94205a04379edd1b28bf04e6684d3d32686de68a,0xdb232b81855f160528ae52e022e8308f8affc386db68f5a252178811d6aa15cf,1576946391,2373,0x94205a04379edd1b28bf04e6684d3d32686de68a,0x13da498123825736ca4f07c88ff67507ca2a6d7d
0x94205a04379edd1b28bf04e6684d3d32686de68a,0xafa0f859fbf12361bdec1bd891aacce9f2039ce5a452ebdc80fa5bffb56147e4,1576947328,3744,0x94205a04379edd1b28bf04e6684d3d32686de68a,0xc1ea83341cfc25d67f2db0762f18360fe54869af
0x94205a04379edd1b28bf04e6684d3d32686de68a,0x20c49da24d3d8a4c5f9a2e71e853819273bf1952c8e094f9ca87a66b1f70fa93,1576947436,5324,0x94205a04379edd1b28bf04e6684d3d32686de68a,0xffd7b4c8326532be1b18bd51bbe8758c891404a7
0x94205a04379edd1b28bf04e6684d3d32686de68a,0xc47963b223b44da10178246a9a1b9a5c9c455657fa9cb0722ccf93ed89a20869,1576947772,7020,0x94205a04379edd1b28bf04e6684d3d32686de68a,0xf79a567332b75b03489dda134b8fbaafa5c73728
0x94205a04379edd1b28bf04e6684d3d32686de68a,0x5c5726360f5d0c6ba9fe9ca3566952152b2523e116e1da801b783e5e015fae4a,1576949226,8717,0x94205a04379edd1b28bf04e6684d3d32686de68a,0x1a823ad7655e7f01fabb6f5a10c4f528f20592d2
0x94205a04379edd1b28bf04e6684d3d32686de68a,0x12d866a2691091bcbd92943895b94d7849d9e597ae2f3c0f79d15e4c876c1acd,1576948688,10420,0x94205a04379edd1b28bf04e6684d3d32686de68a,0x77fd9ec054a053ffb7bf54e79ebc0cebe6298d64
0x94205a04379edd1b28bf04e6684d3d32686de68a,0x9a369dfec6ffbe600fb6149ad530df10b7d3b036fd39932b4c920f08150b9516,1576952170,11835,0x94205a04379edd1b28bf04e6684d3d32686de68a,0xe5737bad730fce4ef0a5de95a817f4df267c5d4a
0xfd533fa48f4f91ce2d557a712a0e64ea207799d2,0x3178437061a4bc983cb9be3488c52ab980a5b988aae765c9e1846901e96f16eb,1576169535,397,0xfd533fa48f4f91ce2d557a712a0e64ea207799d2,0xb27ad4e75a5f16b59c00ef9b2a07e5993940fa06
0x8da83c858df6d6b1571233eefcee90865890d5fb,0xbcb1321cf2e4943b6bde1412c6ee2ed8b78cd548a2e61237c82736022b6ff752,1523515206,156,0x8da83c858df6d6b1571233eefcee90865890d5fb,0x1743d70ee991a090a08ba9055187981f961fecad
0x8da83c858df6d6b1571233eefcee90865890d5fb,0xc786c3b95fe60910bbf126280b1ee883bd4d12d23f07af7502ee665fefd5b6a3,1523515724,459,0x8da83c858df6d6b1571233eefcee90865890d5fb,0x9dff355e5bde4fd83e91c28c7dc30e25d7a3414d
0x99c7a77349fe382d7b2a0db7da73b8000f033edf,0xd182f0f148408296ee1f9b655f38a3573637f67303d758a7cc80092e27bd488e,1553092191,1225,0x99c7a77349fe382d7b2a0db7da73b8000f033edf,0xf88eca6c7fff0490c2e62e2348c709ec9ef11931
0x7a43b06ed73fcd3707f1a681ca645d758a51ee52,0x4de42fcfba98aedf277590c7f147c1dc015d07bf27d56578d0907170e1650204,1580871570,358,0x7a43b06ed73fcd3707f1a681ca645d758a51ee52,0x54751636e04092ee76f25b2b3c50dcdcfebdbadf
0x25edf595f5157ea36bd0a11ff58c2f82b7753aab,0x942193ba553ac7b44d9a86e40d018ec955ba7c7f3e58a7d776b4df59c20003d9,1551489799,1749,0x25edf595f5157ea36bd0a11ff58c2f82b7753aab,0x0000000000000000000000000000000000000000
0xb355b15133eaa83aef914602282f2a95baa35278,0x825ef26eceadf2ca00ac3127057ac109b99c499ba032a7929faa2d52630aaf8a,1552392239,2434,0xb355b15133eaa83aef914602282f2a95baa35278,0x3f33e8b428fa3a195900ac04743ed29be221d82d
0x8ddf7bbe1df74e09e9475272447ac3c5ae0beb15,0xe7d75ea2791aecfd11f61aad7f4c3bfeecf1bd7583920fc1b5cc72774ba1237d,1510610018,652,0x8ddf7bbe1df74e09e9475272447ac3c5ae0beb15,0xe308310359e04c4c95dc0a72c92c3fe35ba1d8c6
0x8ddf7bbe1df74e09e9475272447ac3c5ae0beb15,0xe7d75ea2791aecfd11f61aad7f4c3bfeecf1bd7583920fc1b5cc72774ba1237d,1510610018,1016,0x8ddf7bbe1df74e09e9475272447ac3c5ae0beb15,0xe308310359e04c4c95dc0a72c92c3fe35ba1d8c6
0x98233b9a48ee2caa87d1f7755e728e704ba0805c,0x551c922baeb1aea17999504243e254d856b3645211054bf2044cc73efec9b5ab,1552395939,2596,0x98233b9a48ee2caa87d1f7755e728e704ba0805c,0x39a3e20cacc8ac0e74c8a015f8538d030475ad31
0x2bf9d44d4baad5a4517d47b8da3f8f0840b837c9,0x38997a4e60987b8eee64ce6f07028810137beb5074a519de6f79a73d956bb9fd,1467412735,45,0x2bf9d44d4baad5a4517d47b8da3f8f0840b837c9,0x49fb58aa72a2890d9f1bc473a4cf151be50320ea
0x02f66a7d5657ee67be39349988aa1f944206ead3,0x8b209cf2552d45ade2494ff2feb8d2317315c3e843c2966cff05d40836ca5f62,1510669883,946,0x02f66a7d5657ee67be39349988aa1f944206ead3,0x9accee10e8902869d93c88df70d361733179fb03
0x02f66a7d5657ee67be39349988aa1f944206ead3,0x8b209cf2552d45ade2494ff2feb8d2317315c3e843c2966cff05d40836ca5f62,1510669883,1443,0x02f66a7d5657ee67be39349988aa1f944206ead3,0x9accee10e8902869d93c88df70d361733179fb03
0x02f66a7d5657ee67be39349988aa1f944206ead3,0xb36664717b8d70622abda286a2e359e238bf6e72bc307de7be9a4210b64b4299,1510672675,6335,0x02f66a7d5657ee67be39349988aa1f944206ead3,0x9accee10e8902869d93c88df70d361733179fb03
0x02f66a7d5657ee67be39349988aa1f944206ead3,0xb36664717b8d70622abda286a2e359e238bf6e72bc307de7be9a4210b64b4299,1510672675,6832,0x02f66a7d5657ee67be39349988aa1f944206ead3,0x9accee10e8902869d93c88df70d361733179fb03
0xe21f4d6f80d816af4fcd9de61191c4bc29a67448,0x21ce1bdb42a7ec7ad8a59bb57af281db7afbc5c71477da693dc08fd344169016,1500931948,91,0xe21f4d6f80d816af4fcd9de61191c4bc29a67448,0x1e454216fd6cc198726851d709e352167a30720a
0xa3fa056cd8c6e22b4514c2e3ea6668dba7a504ad,0xfa9b72870d6287b328a2ca1bd70a9f69e23fe4a27079ff7fe1d131899ead4eaf,1521837816,56,0xa3fa056cd8c6e22b4514c2e3ea6668dba7a504ad,0x93a28556d9eaaecbe4129d22d56840957e21bf42
0xa3fa056cd8c6e22b4514c2e3ea6668dba7a504ad,0x42fb496363939ad843b7c3df9b0202ef21e2ba3191ab5f42be19f357ec1440be,1555546769,171,0xa3fa056cd8c6e22b4514c2e3ea6668dba7a504ad,0xf44f2559e97da53415a57644d70e7f9c52afad3a
