0x60aa19f6d04fb4f8b1fa3e58918c08d23a0e442f,0xa4345a7ab949538e3a4229a740ed5d409f8507f2e153a359253cd3e604d40c61,1470069307,25,0xbf5c63270c015b25ea55cd693d691be67a409cb2,0x60aa19f6d04fb4f8b1fa3e58918c08d23a0e442f,0x15c29b0362773d6d350ee17f871c7c57a2ecabac,0
0x273930d21e01ee25e4c219b63259d214872220a2,0x5100cf64a38bf4091de991c746ac75242c087e976bc739663e14c1d055db15b6,1468963132,435,0xb28dbfc6499894f73a71faa00abe0f4bc9d19f2a,0x273930d21e01ee25e4c219b63259d214872220a2,0xb28dbfc6499894f73a71faa00abe0f4bc9d19f2a,10000000000000000
0x273930d21e01ee25e4c219b63259d214872220a2,0x967364fd9b0dce093ce6cf047aefbb630a999342985adafc13b8460231700bf7,1467183395,435,0xa28e16bf181b9114e8d2bebc500f5fddeb2174e1,0x273930d21e01ee25e4c219b63259d214872220a2,0x0000000000000000000000000000000000000000,10000000000000000
0xf2517b53c049b0834935028feeb476be6e55dc0e,0x9c221338f36b33948e74249dace86d086908f1ead4b8d561430781db92ee53c2,1548310278,31,0x84ecb387395a1be65e133c75ff9e5fcc6f756db3,0xf2517b53c049b0834935028feeb476be6e55dc0e,0x6e226310db63ac3701f657bcc62c153c1aaa3004,0
0x8b543af1219089b03a15562c66dc2daa5338b2ca,0x743947f8d1986fdc62ffba2a36ae3e29c4b0a97cb295daa3e9e68c12d3138b76,1503823274,478,0x9e9fccab59448e45bb1c4e7b1e98989838313254,0x8b543af1219089b03a15562c66dc2daa5338b2ca,0x9e9fccab59448e45bb1c4e7b1e98989838313254,0
0x27af9309f68a2499b21b5d9428b6ee6f42e9a539,0x6f0d173b68ac352203c82ec0d61813e02ea83ec972ad2f9bca55fa9b63bdd872,1469405421,3614,0xd70c6a57afd715b7423c47e1b39b2c5b8bde51bc,0x27af9309f68a2499b21b5d9428b6ee6f42e9a539,0x0000000000000000000000000000000000000000,0
0x842f7943e70fe3073033cd3efc24fe2db048510d,0x5a9f9c1ae4d2b667c9cae8ef8ba3d7110b6744bd9d1b3c928a1656e87884d2ee,1470126333,21,0xbf5c63270c015b25ea55cd693d691be67a409cb2,0x842f7943e70fe3073033cd3efc24fe2db048510d,0x15c29b0362773d6d350ee17f871c7c57a2ecabac,0
0x3eb4d16b5328c3d3da71f8108e3d9309437667ad,0x676a6509b1598390167c6afa7ba20a849189468b14eb8e82ab15aa3534c94bf6,1498975375,1303,0xe1237d552429cc333ffd3038fc3ba3441d0b7dde,0x3eb4d16b5328c3d3da71f8108e3d9309437667ad,0x496529c12e229e9787d37e5efa2e48b651e755b0,999999999999999999
0x273930d21e01ee25e4c219b63259d214872220a2,0xf85d63aaa581048fe2141d053dabf97efb309ad5a8815b58912c36318f9772b0,1469200871,523,0x4ee748e151aa758bac115d40a9dbf7383521a5b4,0x273930d21e01ee25e4c219b63259d214872220a2,0x0000000000000000000000000000000000000000,10000000000000000
0x8781714078a58847d5a4b67fdef1882b44472618,0xa2822fb8ce1969106636ecf3a6900378a34648edd790e3c99b0fc157742886c3,1521148544,4313,0x1f93692ad6cb12ff0f64d7c04114cac2237fc7f3,0x8781714078a58847d5a4b67fdef1882b44472618,0x1f93692ad6cb12ff0f64d7c04114cac2237fc7f3,8409376000000000
0xe291a9e17fd310b860f665dbdd8375144bdd6ecd,0xdf6f9d19234de21fd9791802e1bc6732c1dc75f17125f75f267b23129834c8a1,1466780157,1437,0x1d118f04b63d423fbd257ff79218f1a16711c4da,0xe291a9e17fd310b860f665dbdd8375144bdd6ecd,0x0000000000000000000000000000000000000000,0
0x8aca97edfba4500f59a3265133b1a621d6a48b98,0xb8a6dc5eb886dd6e6db74bf929130b6d10ec9d585110d88648cdddf257400187,1503821881,5889,0x9e9fccab59448e45bb1c4e7b1e98989838313254,0x8aca97edfba4500f59a3265133b1a621d6a48b98,0x9e9fccab59448e45bb1c4e7b1e98989838313254,0
0xa0fbead7d039728eb36d45d3cd0dc69d3ebf3e09,0x1c9bc556196401cadf1e82567aad53bbb1352b4b00d93eee5052242226e3d6c6,1554173441,57,0x35f27c22bd94acdf418738f7e1cf1e7be13a6928,0xa0fbead7d039728eb36d45d3cd0dc69d3ebf3e09,0x986d9bb496abd602ffbab9291a2621834f0f03a3,10000000000000000000
0xc833e49ac9d0315778d616cbb583a8b1b3bf2d73,0xf37c70d9a35972461261202fcff15688764d1e089ebb66fdf91277afe6dc0ace,1466780767,1554,0x1d118f04b63d423fbd257ff79218f1a16711c4da,0xc833e49ac9d0315778d616cbb583a8b1b3bf2d73,0x1d118f04b63d423fbd257ff79218f1a16711c4da,0
0x4ed346a54e659c7efb26606a56895a1505720ca6,0x263a222df28ff4fac9a92999b86b553aee3e96d958599b3fc26ce74d9f53a4ae,1471031083,1802,0x9e9fccab59448e45bb1c4e7b1e98989838313254,0x4ed346a54e659c7efb26606a56895a1505720ca6,0x9e9fccab59448e45bb1c4e7b1e98989838313254,0
0xc20a93620892e535f0355c90b9e10af6dc4c8bdb,0xbec684e1b6540fa774e2c02df47288643801d836d1ee4ea33d166fce1fbd1516,1457178621,1076,0x0053da707b3f2fdf217e1a69061d58bb7e35f216,0xc20a93620892e535f0355c90b9e10af6dc4c8bdb,0x0000000000000000000000000000000000000000,0
0x2faa2a32131dfa4b07b850ac2caea06482fb0620,0x752552acc06a59472adaf581475677e0c8f3d15ee84b1e1c07c6b63a74a813a5,1466801268,1470,0xbb671413475984af841628038745a6ba2c95e493,0x2faa2a32131dfa4b07b850ac2caea06482fb0620,0x0000000000000000000000000000000000000000,0
0x6f720c7f34d5fd068a2906ddc889d74a6f6d49cf,0xeb96285a68337869c78a75545e324d4cd9c4b0dec91725a43fd96f8f9e3ef6a5,1469830596,25,0x15c29b0362773d6d350ee17f871c7c57a2ecabac,0x6f720c7f34d5fd068a2906ddc889d74a6f6d49cf,0x15c29b0362773d6d350ee17f871c7c57a2ecabac,0
0x273930d21e01ee25e4c219b63259d214872220a2,0x71dc45bf694ac0848aec85521576b86aeeeb48d905b060dcdad3b601a7546bb6,1456754544,435,0x2cff7cc685f774b3e5550100b142b76571c84262,0x273930d21e01ee25e4c219b63259d214872220a2,0x0000000000000000000000000000000000000000,0
0x273930d21e01ee25e4c219b63259d214872220a2,0x8953c86f358bc0fc90ffda114f8c4aa9d63405768204dbd208521a37bd6f792a,1469425554,435,0xf5c7bcb44ebafc72d46dbc70b717272e19024da4,0x273930d21e01ee25e4c219b63259d214872220a2,0x0000000000000000000000000000000000000000,10000000000000000
0x8081ca5c81f4e8fb5017e0db5b9e8cdf406028cf,0x0d1470f441b20d93910b231ec37cd3df798593275d3d214e4586b58ab36b86f3,1554321329,2398,0xe0bfade7d3777d589e82ffd6a09685c45076f446,0x8081ca5c81f4e8fb5017e0db5b9e8cdf406028cf,0xe0bfade7d3777d589e82ffd6a09685c45076f446,14604800000000000
0xb52cc5efb0de7ff92d7d8bbca155d13cab89e6d4,0x0f4d80b5e58a287bea8889f65bf8711c8db56baac8fe8a7450dca30439df6e84,1459185070,2719,0xa89dfa4e61dbaa14b093f8d82e95fb874241be2e,0xb52cc5efb0de7ff92d7d8bbca155d13cab89e6d4,0xa89dfa4e61dbaa14b093f8d82e95fb874241be2e,-56680600000000000
0xd7772b83dfb4e008016cb610f5639e0554b0177f,0x8df88cef0424227dfd9de98fe2007fcbefbb6b6bf704ca6134e111740975f214,1516312932,47,0xf7c7b36fa22923fe61c48a4aea96e18fd246c6d7,0xd7772b83dfb4e008016cb610f5639e0554b0177f,0x6bf4945297b1be766133635577423346cde0878e,0
0xdf62d91821dcd53f5b006bcac64579bdfcf13453,0x64759985b578651c2fb2829509f4a4d14c962b91b32b61eb8440312ef6eac712,1470077066,21,0xbf5c63270c015b25ea55cd693d691be67a409cb2,0xdf62d91821dcd53f5b006bcac64579bdfcf13453,0x15c29b0362773d6d350ee17f871c7c57a2ecabac,0
0x51d197b78ce70693d48691dce55c4b438b8160be,0x5e33ce957de388a0c8ae778a139a7ea4970cc4c16f2b712b5e86ebbc87a8cd8a,1522356010,55,0xca99ca990a0fc75158f87340a7cb07738f644cb4,0x51d197b78ce70693d48691dce55c4b438b8160be,0x4fb026d417efd30d2d972731a4e5bd18eb88c0da,0
0x5d426a31291194fe1dd49a890464c4c4e11ec292,0x10a335935d85511d906cd15a21cf5a215defdfa7377d7e7d81d371ba62285775,1469217147,961,0x23e4670d75a154239d661d9efe9dd390a46edbcf,0x5d426a31291194fe1dd49a890464c4c4e11ec292,0x5d426a31291194fe1dd49a890464c4c4e11ec292,0
0xd328df02f55adb2cb7e1a4cf46af1abed55e5238,0xbcb840439b3017781880ee362584885a110f528fc3b466795d9902e75c81d7d9,1501922996,1764,0x568e371c37858aa56877805e2acc27a5a702e954,0xd328df02f55adb2cb7e1a4cf46af1abed55e5238,0x568e371c37858aa56877805e2acc27a5a702e954,3160643429999968256
0x88314a409ebbee4085e5829269d48a4647063012,0x2e9e23622ea3708687e12f71ce5c543857b51b3d0f97030b3513bf5daf7a80fa,1534937271,72,0x1774b471b8060c55bbccd5dc33d9a6d82cfb7e47,0x88314a409ebbee4085e5829269d48a4647063012,0x1774b471b8060c55bbccd5dc33d9a6d82cfb7e47,0
0x42fa4f04c3597e39a7651d3f973088bb1249010f,0x5eec0e7d62826e3c0d5e9c6b0aed69312dc334e84399f7ecd55306cf745821f1,1469666373,3426,0xd244d08847254d80132b9c661bec47a28b98ea07,0x42fa4f04c3597e39a7651d3f973088bb1249010f,0x0000000000000000000000000000000000000000,415800000000000
0x8257f8fb292134547b9fe0f9eee97e0829a30819,0x9e2a7f5920fc853ae7d6532777554c41008eb1ee51745fc34637b14c299e74af,1470135221,21,0xbf5c63270c015b25ea55cd693d691be67a409cb2,0x8257f8fb292134547b9fe0f9eee97e0829a30819,0x15c29b0362773d6d350ee17f871c7c57a2ecabac,0
0x273930d21e01ee25e4c219b63259d214872220a2,0xd1012f6a4f7ac5ae5c220da133113195cd984fe9503e38fc1f88c18fc7990182,1458130996,1428,0x06256f4a5acdaae3b6280da32e227c5845fcbee3,0x273930d21e01ee25e4c219b63259d214872220a2,0x0000000000000000000000000000000000000000,-20000000000000000000
0xa37d013177e77de1b28e127bb673909cc1e6f6a7,0xa7af886964457f775e4c60c774d626e9d180e9ef0b6b2302f397a76c031ea292,1470386268,961,0x6695bc18d853d595fbaf317b04b4812904ce5d92,0xa37d013177e77de1b28e127bb673909cc1e6f6a7,0x0000000000000000000000000000000000000000,0
0xb68605a705a60ca85927c7db237457d8b63d9809,0xf59679e3e256ba89b08d30ac6a0e6f728e84ba56f799135268e1a04fe18c382e,1513467722,37,0x6a1c516517143e9233bc95ea3eeafe036466ca2d,0xb68605a705a60ca85927c7db237457d8b63d9809,0x38946d480a07d99809c69a5b105873915d0144ee,0
0x49d465bd79c87303c4ea42a4959c18164a6986f4,0xd2f35a43c2df8b45182f64a6e43c3469c851efb07e8d7c7ce829a564a5b8c076,1511964590,41,0xd1f27c48b948d49f3d098f499b8a1830d8a7e229,0x49d465bd79c87303c4ea42a4959c18164a6986f4,0x1ff21eca1c3ba96ed53783ab9c92ffbf77862584,1
0x045090676ae294e959c982e0c355deb2f369c74e,0x8059de453898ab3ef15a01061971443f8e3ed05ec05df79d192af9dcb85f11d3,1523441894,57,0xdc41b95d774dddf3b2b196548f114965cc8eb023,0x045090676ae294e959c982e0c355deb2f369c74e,0xcf16aaec67a6b86eaada36ca40bddfaac9e03a91,10000000000000000
0x9a1b1ac579aeaf1f03b4bbf100045efe11b9cedb,0xcd517d34a5041535d61a3de388bc3b737636a38444bbd2e0de0b79cd04e13a7e,1469003764,3074,0x4d2aff90974eb9049b9fe5274e870066cc67724b,0x9a1b1ac579aeaf1f03b4bbf100045efe11b9cedb,0x4d2aff90974eb9049b9fe5274e870066cc67724b,0
0x034e01e44b6671fd5899623e3544c94d43fff433,0xd2befe3398bd56c54e4d57c97c199aa23fdc1297a4abc4b511ca6066f23a1154,1518263322,167,0x22188b449729674371b8780b0f3fbf71578db57e,0x034e01e44b6671fd5899623e3544c94d43fff433,0x034e01e44b6671fd5899623e3544c94d43fff433,0
0x034e01e44b6671fd5899623e3544c94d43fff433,0xd2befe3398bd56c54e4d57c97c199aa23fdc1297a4abc4b511ca6066f23a1154,1518263322,263,0x22188b449729674371b8780b0f3fbf71578db57e,0x034e01e44b6671fd5899623e3544c94d43fff433,0x22188b449729674371b8780b0f3fbf71578db57e,0
0x1f78775c8260df084f9a0e5fbdf06487b875ac4d,0xa070eb02b338e5ba164da035fb3572904b05e2b4c9a46ba994fd3d6739f8fb07,1464510604,1476,0xe7dfe249c262a6a9b57651782d57296d2e4bccc9,0x1f78775c8260df084f9a0e5fbdf06487b875ac4d,0x1f78775c8260df084f9a0e5fbdf06487b875ac4d,0
0xe91174fe0b0e57ab5ded74e4515e3f10c0172986,0xe34b6c5aafce8e4556e060281e740baa67664b7783cdd07b7ee0509252a49368,1459538223,299,0xee219c1ebfc96f2ad1fc3f6398d4bc9abec94b44,0xe91174fe0b0e57ab5ded74e4515e3f10c0172986,0xee219c1ebfc96f2ad1fc3f6398d4bc9abec94b44,1000000000000000000
0x273930d21e01ee25e4c219b63259d214872220a2,0x2703749c1d39acb3066fbecab5c7f5752aeb1f1ce4705aa57101cba7b5ce301c,1456349615,1332,0x000251104ce432bd728a5712f175eff4e446023f,0x273930d21e01ee25e4c219b63259d214872220a2,0x0f36d8b9254f1b059d0b4c4feeceb82ee24a6180,-1800000000000000000
0x53d6c707246fa270ed814edbfb2bac7f184afd29,0xe511879f33961cf0146b0572e4cee2abbc69d65ccf170c5a601019a40b96e3a6,1468057023,3692,0x0060c81565e0116815ba155c6f6779b7167aaaae,0x53d6c707246fa270ed814edbfb2bac7f184afd29,0x0000000000000000000000000000000000000000,0
0xc515bcc80467b53f30ed95f7886b89c6430102d8,0x43cbd5f8baf1b8f064a403ab371a981e0a4a07d30b9e6f36b469252533c53488,1455719374,896,0x7145781ad46d31f953597ae761eef9a6fa22d165,0xc515bcc80467b53f30ed95f7886b89c6430102d8,0x7145781ad46d31f953597ae761eef9a6fa22d165,12067030000000000
0xf0744f91255f4efd7c9e60c4ce553d561abf7329,0x147b33b044f4c29fe69f97cff271fa89f7834abf3079bd2a2579fff355c4fc0e,1468195776,911,0x3aff16014b46fe2bcbb60a288ae3db849f5ea141,0xf0744f91255f4efd7c9e60c4ce553d561abf7329,0x0000000000000000000000000000000000000000,0
0x7f1d234e281ff8421b2b0650a9b8f85b5d73bd59,0xc0182b763acaaa3fd5eb07702791df54853ee227191925f7af55d5bb60948c0c,1530274280,1387,0x547771709ac724bea2710db1fdc83a890cc1b84d,0x7f1d234e281ff8421b2b0650a9b8f85b5d73bd59,0x547771709ac724bea2710db1fdc83a890cc1b84d,103973450000000000
0xa393eaa457aff3fae96d2d9d22ea36f3bbda0f72,0x2893c9c42c212e83a7928f32f2c3788934090a22b3b017a53f3efea8cab6b110,1488953455,6504,0x8c7d3e0779e5001100a7ce107861e592e3684113,0xa393eaa457aff3fae96d2d9d22ea36f3bbda0f72,0x36e281f9ce9ab3e90d3954baf58678dea9d9af9d,673545719999999996
