0xe5b10868deb302431adf693968941d3f5c30305f,0x1f0ed6d2b44bd0a208f7ff9e7dae88ee2fb0d2d2ba0d140641867050da940285,1558201321,1562,0xe5b10868deb302431adf693968941d3f5c30305f,0x2571fc3c96eee5d9df994d93b01d15dc20da23de,99945000000000000
0x587e25c341d627143ff190c5c3dc6f30ac31e8e3,0xdc41c7a07cc0a4dbf368bd614e62b6bb657a441fb00b3b8056fcfccb9bb0d9c6,1529628266,481,0x587e25c341d627143ff190c5c3dc6f30ac31e8e3,0x4ba18ae3b330aeee9e30c309765e95cbce198d6a,10000000000000000
0x587e25c341d627143ff190c5c3dc6f30ac31e8e3,0xeba892b51d4b4f2f91c653fcea67b1f49f7ed649f4faea1020e82de84974f073,1534222785,1705,0x587e25c341d627143ff190c5c3dc6f30ac31e8e3,0x4ba18ae3b330aeee9e30c309765e95cbce198d6a,3000000000000000
0x587e25c341d627143ff190c5c3dc6f30ac31e8e3,0xcb00cc1686bfcf0794d4a3059b2fe81243de0c035d4d6318a47ce9d8d64ba209,1536307541,3663,0x587e25c341d627143ff190c5c3dc6f30ac31e8e3,0xf1d833a1460568eaefc70aa3b123fc7afe005313,37000000000000000
0xe9cdbd8903bb608284377cf6363a2b992f73fe56,0xae5ba59168c6583a8e6237e761cca24d199db07bb7754e07e1c3d531049e303d,1557191261,1562,0xe9cdbd8903bb608284377cf6363a2b992f73fe56,0xfca797ee15334ef92e4a96ed92ad411111c63828,99000000000000000
0xf963fb9e50d9d08af78354243ac5cf937161fa4e,0x2b1f8a0a9e12ba433eec4238d2d939dd070d27d24abe6a5e9913f7f9d247025b,1574711266,1562,0xf963fb9e50d9d08af78354243ac5cf937161fa4e,0xe4b19499c90240b3620e63b7819e6cc9611e3147,90000000000000000
0xf963fb9e50d9d08af78354243ac5cf937161fa4e,0x017e437875bb50ae0560d9564218d227ee6c75ac28bcbdd8ddf287f9b53cc84a,1574711401,3264,0xf963fb9e50d9d08af78354243ac5cf937161fa4e,0xe4b19499c90240b3620e63b7819e6cc9611e3147,9945000000000000
0xf638bd931515a5fd46918050de6e78504de89dcf,0x3754fe62dba226700ed8d343c4d6a3e33ef6ecedb3d43f69fd7042833ec8de06,1492451878,481,0xf638bd931515a5fd46918050de6e78504de89dcf,0x0ba42ede5ccfaa910ce54ddb3d1cb6178f785f6e,1000000000000000
0x07e4b097eea32c26218a777ce11ce34f07067cd4,0xc7002786b269526aa577eb04d6a69c5984c3bd85d817d33ba3c8c04b73b0d268,1557179322,1562,0x07e4b097eea32c26218a777ce11ce34f07067cd4,0x79977b5cd09be9e7e29b26bfe0bf906eb63733c9,99900000000000000
0xc8c7fa76a6e4df2828344df839fb9261198c69ff,0x954bdc927519c39a00e0cdebf3b2f4b0cf02348a90ddfd38d111d112e46a87e9,1463575829,2013,0xc8c7fa76a6e4df2828344df839fb9261198c69ff,0x6e8276f4edee6eeff01a25215770c326783d7147,9800000000000000
0xc8c7fa76a6e4df2828344df839fb9261198c69ff,0x954bdc927519c39a00e0cdebf3b2f4b0cf02348a90ddfd38d111d112e46a87e9,1463575829,2038,0xc8c7fa76a6e4df2828344df839fb9261198c69ff,0x2732ed841ee5e47a40e55809ac3fcc258f73b8a9,200000000000000
0xc8c7fa76a6e4df2828344df839fb9261198c69ff,0xe66a6115fd6cac1623084d0bd6b4b1c2800387d94d801b36e4766f03f010aafd,1463576365,3979,0xc8c7fa76a6e4df2828344df839fb9261198c69ff,0x6e8276f4edee6eeff01a25215770c326783d7147,9800000000000000
0xc8c7fa76a6e4df2828344df839fb9261198c69ff,0xe66a6115fd6cac1623084d0bd6b4b1c2800387d94d801b36e4766f03f010aafd,1463576365,4004,0xc8c7fa76a6e4df2828344df839fb9261198c69ff,0x2732ed841ee5e47a40e55809ac3fcc258f73b8a9,200000000000000
0x55b9a11c2e8351b4ffc7b11561148bfac9977855,0x6e9a1959affb22a17db261e6047fa4aab973b3ed15796b5a7d8d3c2cfc5e6362,1463576890,11305,0x55b9a11c2e8351b4ffc7b11561148bfac9977855,0x2732ed841ee5e47a40e55809ac3fcc258f73b8a9,100000000000000
0xc8c7fa76a6e4df2828344df839fb9261198c69ff,0x5a1ae100871d7c67add032f5fc3210c3892c73af1b101c6c290177f9f76f493d,1463625837,18789,0xc8c7fa76a6e4df2828344df839fb9261198c69ff,0x2732ed841ee5e47a40e55809ac3fcc258f73b8a9,100000000000000
0xd5c695db382e773ed4935003f04f41eec045cc92,0x51f71a2aa930c14f573ca53f720133b6dfd996274cc7895a4b5d17913122e6eb,1498006128,581,0xd5c695db382e773ed4935003f04f41eec045cc92,0xcbd9ac96bba195ad5472f8537e5875144f183e27,2000000000000000000
0xd5c695db382e773ed4935003f04f41eec045cc92,0x1663bcd9beb52cb8264f26a72b4c6a8636c59f2c2315cb5c4d663c70303cde53,1506554387,1152,0xd5c695db382e773ed4935003f04f41eec045cc92,0xcbd9ac96bba195ad5472f8537e5875144f183e27,2029000000000000000
0xd5c695db382e773ed4935003f04f41eec045cc92,0x8347d1681f1b07bdce0f3bef178db35fcf266b5cfc95ce2ed07b5e6799dd969a,1519805089,3692,0xd5c695db382e773ed4935003f04f41eec045cc92,0xcbd9ac96bba195ad5472f8537e5875144f183e27,1
0xd5c695db382e773ed4935003f04f41eec045cc92,0x6cfc2b67488d949b331b29cdf714d86d9e82b9263f5da05f5b48a2d276feed00,1519805376,4132,0xd5c695db382e773ed4935003f04f41eec045cc92,0xcbd9ac96bba195ad5472f8537e5875144f183e27,151333
0xd5c695db382e773ed4935003f04f41eec045cc92,0x10797c1fd16ae6fbe1a6ea03171a84ca268ffb62f88b5158561e3cf60fb259a1,1519805587,4572,0xd5c695db382e773ed4935003f04f41eec045cc92,0xcbd9ac96bba195ad5472f8537e5875144f183e27,150000
0xd5c695db382e773ed4935003f04f41eec045cc92,0x0b251e66946b2b5142fd9dc5d8659f3915c6e2917fafaf74ab685859d17be3cf,1519805708,5012,0xd5c695db382e773ed4935003f04f41eec045cc92,0xcbd9ac96bba195ad5472f8537e5875144f183e27,2
0xd5c695db382e773ed4935003f04f41eec045cc92,0x24d0b26306c0c12e15f8825945b30ac6b23ccf506b8ba19c257f4aa53dcb5508,1519806119,5452,0xd5c695db382e773ed4935003f04f41eec045cc92,0xcbd9ac96bba195ad5472f8537e5875144f183e27,151
0xd5c695db382e773ed4935003f04f41eec045cc92,0x8f50993e67952d2ad155d78b98fbd49a1459dd122bae75df619c092e72cc47eb,1519807390,5892,0xd5c695db382e773ed4935003f04f41eec045cc92,0xcbd9ac96bba195ad5472f8537e5875144f183e27,2000000000000
0xd5c695db382e773ed4935003f04f41eec045cc92,0x1f8d9ede71a4bd1e13b293c817175c245310057074e7fdb9df33c15a8122b877,1519808115,6332,0xd5c695db382e773ed4935003f04f41eec045cc92,0xcbd9ac96bba195ad5472f8537e5875144f183e27,1510000000000000000
0x16b06363d97c8c4eed209b5b04c061361663cdbc,0x0374234430c3b2dd992ce1722ed59f810fe0c57a595f97aa0b62fefa644bb572,1519909366,2573,0x16b06363d97c8c4eed209b5b04c061361663cdbc,0x6ee4bc4cbc09346e718fad1933f9ca32543ddc93,1000000000000000000
0x16b06363d97c8c4eed209b5b04c061361663cdbc,0x766cbe67af9772cb3914e01039cb80388e3a8f9a0ed6740965c8572cbb5becc1,1519919460,5213,0x16b06363d97c8c4eed209b5b04c061361663cdbc,0x6ee4bc4cbc09346e718fad1933f9ca32543ddc93,1110000000000000000
0x16b06363d97c8c4eed209b5b04c061361663cdbc,0x6e4c583a8186f4628da493608b2b561ad6e7398d1a70a5f24a123c9f584cb1c2,1519921227,6534,0x16b06363d97c8c4eed209b5b04c061361663cdbc,0x6ee4bc4cbc09346e718fad1933f9ca32543ddc93,1191611000000000000
0x16b06363d97c8c4eed209b5b04c061361663cdbc,0x4403a0703c8992cee34fb9c56b0725d544bd233cabce602f7c706c59be40df27,1519928674,8168,0x16b06363d97c8c4eed209b5b04c061361663cdbc,0x6ee4bc4cbc09346e718fad1933f9ca32543ddc93,1000000000000000000
0x16b06363d97c8c4eed209b5b04c061361663cdbc,0x5feacd107a534f081c0a7920c461cf0ff2a82f4dc60ac13234e4ffd915c2f2e9,1519941026,10225,0x16b06363d97c8c4eed209b5b04c061361663cdbc,0x6ee4bc4cbc09346e718fad1933f9ca32543ddc93,1000000000000000000
0x16b06363d97c8c4eed209b5b04c061361663cdbc,0x54df38e4e78b72826c0fbcd30c351fd13a753d0073a4cc2368c6940bb8c892fa,1519960740,11546,0x16b06363d97c8c4eed209b5b04c061361663cdbc,0x6ee4bc4cbc09346e718fad1933f9ca32543ddc93,1000000000000000000
0x16b06363d97c8c4eed209b5b04c061361663cdbc,0xe6bbff32f16327be41a6539e523f9346f19a405fac4b0c66da6a9dea1f0d0034,1519994130,12867,0x16b06363d97c8c4eed209b5b04c061361663cdbc,0x6ee4bc4cbc09346e718fad1933f9ca32543ddc93,1000000000000000000
0x16b06363d97c8c4eed209b5b04c061361663cdbc,0xc8659f41f393cbc40dbff9f2c123e7ac79246101bf5234cdf7a5dc70e238e1f9,1520011914,14188,0x16b06363d97c8c4eed209b5b04c061361663cdbc,0x6ee4bc4cbc09346e718fad1933f9ca32543ddc93,2900000000000000000
0x16b06363d97c8c4eed209b5b04c061361663cdbc,0xcdff4dba262b08f5881354d7ccbabb7b95542bd4fb68c904db4534960e73047e,1520010726,15509,0x16b06363d97c8c4eed209b5b04c061361663cdbc,0x6ee4bc4cbc09346e718fad1933f9ca32543ddc93,2000000000000000000
0x16b06363d97c8c4eed209b5b04c061361663cdbc,0x5b1c33ed6665e95a82bd2003d6448e3d638ed6eeaf3bc5cc937a667647d4cb06,1520010329,16830,0x16b06363d97c8c4eed209b5b04c061361663cdbc,0x6ee4bc4cbc09346e718fad1933f9ca32543ddc93,3500000000000000000
0x16b06363d97c8c4eed209b5b04c061361663cdbc,0xd9d9de578ddc921b9a0b088e268fc0f1ba766eed93558a7fbd4766245da71c69,1520019317,18151,0x16b06363d97c8c4eed209b5b04c061361663cdbc,0x6ee4bc4cbc09346e718fad1933f9ca32543ddc93,3996000000000000000
0x16b06363d97c8c4eed209b5b04c061361663cdbc,0x42129d6add9c563029012dc0b8096cd563c5d0c66a1e302c06cb8e241ac0803b,1520037871,19840,0x16b06363d97c8c4eed209b5b04c061361663cdbc,0x6ee4bc4cbc09346e718fad1933f9ca32543ddc93,5554000000000000000
0x16b06363d97c8c4eed209b5b04c061361663cdbc,0xd190587448ecf2abfe71ceb94f4b65da958d5e227f28d07450c48e7c0ef52716,1520044360,21161,0x16b06363d97c8c4eed209b5b04c061361663cdbc,0x6ee4bc4cbc09346e718fad1933f9ca32543ddc93,4000000000000000000
0x16b06363d97c8c4eed209b5b04c061361663cdbc,0xd9bd4bc3e467ff8a70c10da639c1760eb3b08397156f9c1de74642f69119938a,1520054490,22482,0x16b06363d97c8c4eed209b5b04c061361663cdbc,0x6ee4bc4cbc09346e718fad1933f9ca32543ddc93,11996000000000000000
0x16b06363d97c8c4eed209b5b04c061361663cdbc,0xfc0ad8f103a7bb2516c1daa39d7ac30e1c62f0e2ef8479917347c8faebab4568,1520091684,23803,0x16b06363d97c8c4eed209b5b04c061361663cdbc,0x6ee4bc4cbc09346e718fad1933f9ca32543ddc93,1000000000000000000
0x16b06363d97c8c4eed209b5b04c061361663cdbc,0xff10f94291df09a38bbcdeca9e22437e970dc2633529b312e6cf2f744a078cfb,1520200409,25124,0x16b06363d97c8c4eed209b5b04c061361663cdbc,0x6ee4bc4cbc09346e718fad1933f9ca32543ddc93,2901538510309564011
0x16b06363d97c8c4eed209b5b04c061361663cdbc,0xbc833ac5e75fb008272cae1280a5f0b72522cb7e17320d27dcf72846f02da0cd,1520271019,26445,0x16b06363d97c8c4eed209b5b04c061361663cdbc,0x6ee4bc4cbc09346e718fad1933f9ca32543ddc93,1000000000000000000
0x16b06363d97c8c4eed209b5b04c061361663cdbc,0x898daa59ef0f9c43da9441caab2e05a8f3b4f7bab6d50dd014980f21a1e11226,1520735680,29022,0x16b06363d97c8c4eed209b5b04c061361663cdbc,0x6ee4bc4cbc09346e718fad1933f9ca32543ddc93,1000000000000000000
0x16b06363d97c8c4eed209b5b04c061361663cdbc,0x9ae2e79c7e1647335d3056b7412e0a0d59f4f161d6bed1d01f74fa6fd287cd17,1521158718,33483,0x16b06363d97c8c4eed209b5b04c061361663cdbc,0x6ee4bc4cbc09346e718fad1933f9ca32543ddc93,1000000000000000000
0x16b06363d97c8c4eed209b5b04c061361663cdbc,0x33c2d3d1d3138b0b60b9b352a0d60eb505f7334bd34dbc9271611638d6acef3b,1521331526,36859,0x16b06363d97c8c4eed209b5b04c061361663cdbc,0x6ee4bc4cbc09346e718fad1933f9ca32543ddc93,1000000000000000000
0x16b06363d97c8c4eed209b5b04c061361663cdbc,0x446fdf072114686bd936c1f281fba231562bde87c925f44a75e528908be55de9,1521998466,38999,0x16b06363d97c8c4eed209b5b04c061361663cdbc,0x6ee4bc4cbc09346e718fad1933f9ca32543ddc93,868177320000000000
0x16b06363d97c8c4eed209b5b04c061361663cdbc,0xb3a0655a4e4f0d6e9fe513c7ef9df6a0db3245b2fc32aa40fa318d2d528bddca,1522479716,40221,0x16b06363d97c8c4eed209b5b04c061361663cdbc,0x6ee4bc4cbc09346e718fad1933f9ca32543ddc93,2717583680000000000
0x16b06363d97c8c4eed209b5b04c061361663cdbc,0x89f2a717b44cfd5f79e78b5e4fcdefbe05f0e019a60f2ad08fe6a829854beeb4,1522625094,41443,0x16b06363d97c8c4eed209b5b04c061361663cdbc,0x6ee4bc4cbc09346e718fad1933f9ca32543ddc93,340000000000000000
0x16b06363d97c8c4eed209b5b04c061361663cdbc,0xa3505af94be34004153c469b849c48b666d961b0429afbfd3921b7c3512c956d,1524027234,42665,0x16b06363d97c8c4eed209b5b04c061361663cdbc,0x6ee4bc4cbc09346e718fad1933f9ca32543ddc93,110000000000000000
0x16b06363d97c8c4eed209b5b04c061361663cdbc,0xd2b2ae19373da9d01fbfebec1a9c8dbad859676e34e96a136b93ed07cc696c85,1524035160,43887,0x16b06363d97c8c4eed209b5b04c061361663cdbc,0x6ee4bc4cbc09346e718fad1933f9ca32543ddc93,110000000000000000
0x16b06363d97c8c4eed209b5b04c061361663cdbc,0xc9acdad7d25ed1b88736af0ab022182bedf62f631b643d406f9b90e1fd353380,1524313567,45109,0x16b06363d97c8c4eed209b5b04c061361663cdbc,0x6ee4bc4cbc09346e718fad1933f9ca32543ddc93,60000000000000000
0x8357be115fddfd76689bd4feac048d220aa0fe81,0xcea68d00ece0f4061b6062a75f1edbd0a609dfb48ef85e76f060ecec29c73005,1557807368,1562,0x8357be115fddfd76689bd4feac048d220aa0fe81,0x5b52385fa3d8510034aa050fe0f4d77d39bc7f3a,99000000000000000
0x5b52385fa3d8510034aa050fe0f4d77d39bc7f3a,0xcea68d00ece0f4061b6062a75f1edbd0a609dfb48ef85e76f060ecec29c73005,1557807368,1615,0x5b52385fa3d8510034aa050fe0f4d77d39bc7f3a,0x131a99859a8bfa3251d899f0675607766736ffae,99000000000000000
0x84ec4ca5febce0763ed41170c97bac3c1b093fca,0x29b2b3d0fc79d7573a4daa888c7ef4cf04c1c2bfc59629f5e1542908ae3a1b4f,1558371052,1562,0x84ec4ca5febce0763ed41170c97bac3c1b093fca,0xcf08f9814ac339b4b8f3bbd56b0ef75fde49b603,99945000000000000
0x42b8b8bf7a8085e99aff09ffb661d9498eb5059c,0xba607258aa094610214b05e5128942780cec5e410a0b00bbcac20928f68177c7,1557210037,1562,0x42b8b8bf7a8085e99aff09ffb661d9498eb5059c,0x3c66b5fd09ef9d21356fc6d01e772815813b48e5,99900000000000000
0x61e7186917356c27af2a72433d84a7913bb22f5d,0x7db9f319d8a536de4f8eb4bf1c6cb82e852b1a21db6838781f3001722ef9b9cd,1557158670,1562,0x61e7186917356c27af2a72433d84a7913bb22f5d,0xc44d8cbce02e7f4d710e16cf8516f9e1e6f3ff4a,606000000000000
0x61e7186917356c27af2a72433d84a7913bb22f5d,0xf28f4c5a299e4446ffe4ef33da7da1bb029fa0cd8bc4cf1e3f2817e82558e94f,1557158891,3264,0x61e7186917356c27af2a72433d84a7913bb22f5d,0xc44d8cbce02e7f4d710e16cf8516f9e1e6f3ff4a,99339000000000000
0x5b9e8728e316bbeb692d22daaab74f6cbf2c4691,0xde96b7c2cf90020e3b67bcb15c5adc3aebe91f1d89fbebbc7a93e114f0550dd4,1530701808,2483,0x5b9e8728e316bbeb692d22daaab74f6cbf2c4691,0x957e993e4fa01434fb000b8e800f6f4eb2952e30,500000000000000000
0xebcc69133d436793ddc8575a690a8c559e3b1062,0x8d87cfc77971865d0cd6fcc807eba688a0749b312dbf53f231ce28ec92e3c692,1540044551,4522,0xebcc69133d436793ddc8575a690a8c559e3b1062,0x622425800eed1e6d3f7f385ca8f893e4f54b3520,1000000000000000000
0xebcc69133d436793ddc8575a690a8c559e3b1062,0x42dea1463d3e8ec0844bf1e6d89496774e3467d1291300ba5f8b4fc2464522f8,1540050095,6459,0xebcc69133d436793ddc8575a690a8c559e3b1062,0x622425800eed1e6d3f7f385ca8f893e4f54b3520,1000000000000000000
0xebcc69133d436793ddc8575a690a8c559e3b1062,0xe4cb4105f95b147288458a1b34609c832c2ef504b1fc26b83a5a843c0b3b1874,1540229369,8396,0xebcc69133d436793ddc8575a690a8c559e3b1062,0x8e7e7fb87dc28effcbc83e60a68bc6a4138b4e16,200000000000000000
0xebcc69133d436793ddc8575a690a8c559e3b1062,0xcef68b3625b857b8844e06928682856751475cd4676a3d0af1c6ba9dbdc6d6ec,1540229591,10435,0xebcc69133d436793ddc8575a690a8c559e3b1062,0x622425800eed1e6d3f7f385ca8f893e4f54b3520,500000000000000000
0xebcc69133d436793ddc8575a690a8c559e3b1062,0x3bd5b87115bc3a8c95b2eb0bd1ec512b283457c7a4b37fa3a2b7c9cb318a4036,1554979370,12474,0xebcc69133d436793ddc8575a690a8c559e3b1062,0x6628eba1e65dce7c1d3acc2acbac9331bca43778,600000000000000000
0xd3a81cd3acc88456d140eb51bb56f6d35a25eba3,0x4515a8bca364ed75918227c1036ab804d1bf14ae50e02fe5ccf4145312c7ef4c,1577707197,1642,0xd3a81cd3acc88456d140eb51bb56f6d35a25eba3,0x65b0bf8ee4947edd2a500d74e50a3d757dc79de0,1000000000000000000
0xd3a81cd3acc88456d140eb51bb56f6d35a25eba3,0x17e0ab7b0ee419fd70b6171921d79e7849438b1c8221702cc4bf0e8d9f9b6c1f,1577906951,3424,0xd3a81cd3acc88456d140eb51bb56f6d35a25eba3,0x65b0bf8ee4947edd2a500d74e50a3d757dc79de0,648875520000000000
0x4a417038ae77ed9a58651528e5c40bc85b1011d6,0xb688060da4c2826d676320508d045bc0e652483b4bb6a9af3612b0f7c5d6d6a0,1557080743,1562,0x4a417038ae77ed9a58651528e5c40bc85b1011d6,0xf4b3736ee92ea4af76740495b22b68e0eb8204e7,90000000000000000
0x899616ade15aeb6b6993c48c124e88c19cb3c76e,0xd8f5a9f1e84e4f119d356143bb3f1000aad3e6f392fe1ebf2c4bbb9beab67408,1574209675,1562,0x899616ade15aeb6b6993c48c124e88c19cb3c76e,0x69069dc19f6015878adfc9539f98b6c46ca0be04,99945000000000000
0xd082e94b1fcad2a083ed817618b24b14399439ec,0xef8ba0bed6a70aa9349872b3160ddc3d8df4006f2539ea9b88ff41cf33de8848,1528766348,1774,0xd082e94b1fcad2a083ed817618b24b14399439ec,0x8b4ef25c8e31d8df45f80d4ccb9dacd7fe296aa6,10000000000000000
0x51521901a25896aa98e19f1ade8545a6090c4dbb,0xf3eed5919a54493130e094a0be81b8b3f58bdb4ed72bcbb0b02519b9652231cb,1495565942,481,0x51521901a25896aa98e19f1ade8545a6090c4dbb,0xf0701cbc4c93eaed8d2d21fff990e593261b5062,1000000000000000000
0x141efaec86ab0e70efe093b68226da4027fff442,0xf4101400614d943aeaf22bd1e908ff92c60d535a94f47adc76d7cb1e7d6af74a,1558202099,1562,0x141efaec86ab0e70efe093b68226da4027fff442,0xfaa2ce0e4636858cd95db854ecc49e4c93affff8,99945000000000000
0xf5f2a6f8d65f34a55fb3a9f7effd170c174f9023,0x2404337bc3f5705dab5a6eb0d4ee2e482ebe46cd1403614355a8de325ae1c873,1532578985,8069,0xf5f2a6f8d65f34a55fb3a9f7effd170c174f9023,0x6050b4197695bf2c87f44e215dc27cc88477511f,40000000000000000
0xf5f2a6f8d65f34a55fb3a9f7effd170c174f9023,0xde0f43d7187c7756e81952bc4fbbcbd15e18415317a13dfad10ba688f94798a1,1532579272,11175,0xf5f2a6f8d65f34a55fb3a9f7effd170c174f9023,0x6050b4197695bf2c87f44e215dc27cc88477511f,300000000000000000
0xf5f2a6f8d65f34a55fb3a9f7effd170c174f9023,0x66d56229bde996f3fbba081c64b3db6eaa3d16192b91ba576cc0ff8b55078aaf,1532583279,14281,0xf5f2a6f8d65f34a55fb3a9f7effd170c174f9023,0x6050b4197695bf2c87f44e215dc27cc88477511f,1000000000000000000
0xf5f2a6f8d65f34a55fb3a9f7effd170c174f9023,0xae706019b8b13ff8b6fbfdc56a4b2b7fc4d55ce0fd696f0bed4a346f3a00843a,1532868559,17394,0xf5f2a6f8d65f34a55fb3a9f7effd170c174f9023,0x6050b4197695bf2c87f44e215dc27cc88477511f,80000000000000
0xf5f2a6f8d65f34a55fb3a9f7effd170c174f9023,0xf91e3d7f14c937de85812c40e37179dfb2920071e07e53f97ff11a8f66a59863,1532885549,20507,0xf5f2a6f8d65f34a55fb3a9f7effd170c174f9023,0x6050b4197695bf2c87f44e215dc27cc88477511f,20000000000000000
0xf5f2a6f8d65f34a55fb3a9f7effd170c174f9023,0xa7e28da33651fd61ac1b7be0ca4d5a84bb840f68b896153e5aa24d0f4fe3325a,1532888861,23613,0xf5f2a6f8d65f34a55fb3a9f7effd170c174f9023,0x6050b4197695bf2c87f44e215dc27cc88477511f,36000000000000000
0xf5f2a6f8d65f34a55fb3a9f7effd170c174f9023,0x11009a649b4eb9ff09e69b232696ea96366fa9145f96398d6b8c9df5d2b3dc29,1532905963,26726,0xf5f2a6f8d65f34a55fb3a9f7effd170c174f9023,0x6050b4197695bf2c87f44e215dc27cc88477511f,120000000000000000
0xf5f2a6f8d65f34a55fb3a9f7effd170c174f9023,0xa3b1fab9c57ee1a343c399a7a1a9909f4bc5f1fd9790c27010517ad734976e2b,1532906668,29839,0xf5f2a6f8d65f34a55fb3a9f7effd170c174f9023,0x6050b4197695bf2c87f44e215dc27cc88477511f,4000000000000000000
0xf5f2a6f8d65f34a55fb3a9f7effd170c174f9023,0x61215dd26ff1e284344c638d61e2828d9d9b82e8101548bd806a78ee9ada8d45,1532906788,32945,0xf5f2a6f8d65f34a55fb3a9f7effd170c174f9023,0x6050b4197695bf2c87f44e215dc27cc88477511f,2835000000000000000
0x506df7c940e25a0e34f31399d6bc08f377b83489,0xcae33fb2521eb02e8b07544c8e933bbee01684fa09d859cd5bea1054beae9d34,1557296926,1562,0x506df7c940e25a0e34f31399d6bc08f377b83489,0xc9f93164e203153ec6b4b3c5508da5dcbe547907,94816000000000000
0x5b9e8728e316bbeb692d22daaab74f6cbf2c4691,0xdd1c223bb9e59d73632ffd3502e5237b9f54136e444428d5584cb179db60e90b,1528215873,1928,0x5b9e8728e316bbeb692d22daaab74f6cbf2c4691,0x008024771614f4290696b63ba3dd3a1ceb34d4d9,2130000000000000000000
0xbf9b76db1ffa3d0deac83cd8642af546daabff1d,0x3bb5f08a1fb1c5cca9a2a497e117cd1e39b8acfb8f422fc175d4cfffb7a372e1,1540568300,3865,0xbf9b76db1ffa3d0deac83cd8642af546daabff1d,0x9d9c60b6048ebf6590271411353dee026ce94192,770000000000000000
0xbf9b76db1ffa3d0deac83cd8642af546daabff1d,0x84f1b9e409c1a770794d3e99a31c7cbe0651644754260f8583baf6625693e393,1544045544,5802,0xbf9b76db1ffa3d0deac83cd8642af546daabff1d,0xcd6c742ba941ab680d69ceaafb4e892531e0eeaa,500000000000000000
0xbf9b76db1ffa3d0deac83cd8642af546daabff1d,0xfef551d12ef8998bcb5f85254d7ec6f487309cf55c53ac307a565f530aceb174,1544471185,7739,0xbf9b76db1ffa3d0deac83cd8642af546daabff1d,0x55dad1b79895883103e640b555b00efcff38a83c,1000000000000000000
0xbf9b76db1ffa3d0deac83cd8642af546daabff1d,0x39834b2d93f9abda2a369db99593193fe00d3472790734ea382e186d0b842af3,1546019680,11900,0xbf9b76db1ffa3d0deac83cd8642af546daabff1d,0x17a01e3df6358f958b347dec6033eae6dd5ec90a,200000000000000000
0xbf9b76db1ffa3d0deac83cd8642af546daabff1d,0x5c1b95de995ec20d4b9ec808949bca136c66c99d9239d6dd6f7d9122ec996bbb,1546019710,13837,0xbf9b76db1ffa3d0deac83cd8642af546daabff1d,0x9a5db5caa0c21a780da5645402484150d74edc77,1000000000000000000
0xbf9b76db1ffa3d0deac83cd8642af546daabff1d,0xf166f1a7c49f3868bc89f9efc3c284b42933c3cd365b71ae6d82ac114aa5c427,1549327746,33913,0xbf9b76db1ffa3d0deac83cd8642af546daabff1d,0x3c31bdfbfe8120909de3e9733c15106573988a8f,16000000000000000000
0xbf9b76db1ffa3d0deac83cd8642af546daabff1d,0x18b018ba5ca59274118a245fffb404eecf4de79dfb0a838c1ab9eb6a38caa99a,1550622072,35850,0xbf9b76db1ffa3d0deac83cd8642af546daabff1d,0x3c31bdfbfe8120909de3e9733c15106573988a8f,12000000000000000000
0xbf9b76db1ffa3d0deac83cd8642af546daabff1d,0x58c623b9962e2bcb43f0cc65422ad4937ad41a69bf38965f2f336dba0fa45906,1551989800,37787,0xbf9b76db1ffa3d0deac83cd8642af546daabff1d,0x14ecbbab615e2c9398d00f838089cb9497c5a656,110000000000000000000
0xbf9b76db1ffa3d0deac83cd8642af546daabff1d,0xe41487b63bd418c67c4ce20c542704b97f8e439672628c01b8c15900e206356d,1575656414,44661,0xbf9b76db1ffa3d0deac83cd8642af546daabff1d,0xda34533b5c9ec627ba452883d618dc84318242ca,500000000000000000
0xbf9b76db1ffa3d0deac83cd8642af546daabff1d,0x7f84260cafd1f0a4474445f6bb93ebcf8aa3ea0ef4bcdc88e41849c2eba2c6d1,1580496123,46988,0xbf9b76db1ffa3d0deac83cd8642af546daabff1d,0x66e092fd00c4e4eb5bd20f5392c1902d738ae7bc,43800000000000000000
0xbf9b76db1ffa3d0deac83cd8642af546daabff1d,0xc4190423d642f3b2a96674ad4983df7f1f05a9bb358495d98186769bf3b2e9f7,1580950011,48925,0xbf9b76db1ffa3d0deac83cd8642af546daabff1d,0x42ae1d6a320e93f119d6f136912cfa12f0799b8a,4120000000000000000
0xbf9b76db1ffa3d0deac83cd8642af546daabff1d,0x02c01d5bd424ce1b0d15a28e8ee2c534bc39506375df86828c9974c15c3b1388,1580962937,50862,0xbf9b76db1ffa3d0deac83cd8642af546daabff1d,0x81e27206863aeeae787a2c61533ef903c4313ea9,73247900000000000000
0x203fedb595c3d1fd585819eaf8716c52d6ae6225,0xdcdd6ac033eb7100bb2d0a2de0ae1a1e3a275bc46da50721091ae2b402405475,1548686638,896,0x203fedb595c3d1fd585819eaf8716c52d6ae6225,0x4779c38fe442064e1e98d4b99d62f3350676ab4b,85000000000000
0x143fa4cdc927776cf3ff07181b07bb6358f6e96d,0xeb3fdf5b33c82f4dcb16ccc10aac7b1382d46a624660dad6c0640aae1edd9dd3,1558202360,1562,0x143fa4cdc927776cf3ff07181b07bb6358f6e96d,0x986d4ececc04f8f969c7356652e7d29deef76c9b,99945000000000000
0x79636f563435f5dd9f6f1d495622d99923df6d42,0xce322ec1419177c5e47ac34d6c500a1ae7a47df6bf186635bd4fab14cf9c0a6c,1562023380,1562,0x79636f563435f5dd9f6f1d495622d99923df6d42,0xe9835cb6cd587035f4af6793a25d086b0f9f492b,99945000000000000
0x629f53011e2683c3064f25e2f23d98a7a35965cd,0x96b2633dde87b5bf40ad359773d6d160a1374da4cad4eb45d02e60aff54e7edc,1557606096,1562,0x629f53011e2683c3064f25e2f23d98a7a35965cd,0xd0bf10f32534ba53cb3553accc145390d1397036,1000000000000000
0x87f2243b74acf649d1cbb8bacc6ef78a34f25f36,0x3c200dacdd32eb0b774b56541b96e3ca6d0d872db0df8a6549bc2c509c9a1772,1527182880,5398,0x87f2243b74acf649d1cbb8bacc6ef78a34f25f36,0xc69200bd3b7c2e5d127e0126cbab48ad4f27a586,20000000000000000
0xdc53fcf6bd22bdb1bf408b6ca888c4a1c79366f9,0x571f39f4ef3e806927b70cf5e5f8794feb9ade6457a8c55a451166bc7b4828d9,1547423871,331,0xdc53fcf6bd22bdb1bf408b6ca888c4a1c79366f9,0x59ca99135420eae26eb240b4d2bbc94b2dbc3918,10000000000000000
0xd41c84c0e855abf3aac7481ab95a4feaa3ac0838,0x3b04527e059f5e5c3e8c8d5cbaa7cb7612b75b162e40331006be9fd8c8281a8c,1489366853,531,0xd41c84c0e855abf3aac7481ab95a4feaa3ac0838,0x9302cd19e88e0b2de051ab3128054d1f582ec763,4702198620000000000
0x7d5b39195ea5f80183feacd7620b26005ebcfea7,0x5183642edeb1e5b7fc9f45b2d3b8aadf32f77398e332cca8cf82d2a3863707ce,1493714930,481,0x7d5b39195ea5f80183feacd7620b26005ebcfea7,0x0e20de4e6ac0f03c2afab9429ba7d306ae2c759f,500000000000000000
0x7d5b39195ea5f80183feacd7620b26005ebcfea7,0x3f03ed5235200faa1a18670db78281ebc98f7d90698f0a094061a16e13184ec2,1501183240,1002,0x7d5b39195ea5f80183feacd7620b26005ebcfea7,0x7d8a807fa17a19af3762420d21589af8b9f6eae5,600000000000000000
0xae68c56fd92011eb75bcea247a8f339ddfb9dd35,0xf3fa125f62f142638f5cc1fc33a079690942abec3a75ac2208b4236d3b3e10ac,1558279525,1562,0xae68c56fd92011eb75bcea247a8f339ddfb9dd35,0xcae8e6a6655725fd0bdab1884a09449599bd35d9,99945000000000000
0xf458afece8d8b43ee18c56bf0aea46bb17aa89f1,0xb9270e29a24d5e686ae875092dcceb798f57b3710de289744433d187a0437611,1569299983,1562,0xf458afece8d8b43ee18c56bf0aea46bb17aa89f1,0x5e85d67dfc1e4612093df8d5856ce53f133134b9,99945000000000000
0x2cc2a712d593960c02177cfb1794eac8dc02f329,0x6e5df6881ae2df7052a9b3d3bac4c02ff8018f266334dba62ac5d9e005a2f0f6,1465891238,600,0x2cc2a712d593960c02177cfb1794eac8dc02f329,0x74f2b989a585b15846123fcdb1d958d5eed20da5,1000000000000000000
0x2cc2a712d593960c02177cfb1794eac8dc02f329,0xed05fea8386a13b399f6e2fc3dffbe5d565ddc3fd5666a6336ef7f0293d6a7a5,1466146243,1071,0x2cc2a712d593960c02177cfb1794eac8dc02f329,0x3e70b7963cbd72a2023030f1a115c38c0c159f9e,4977600796416
0x2cc2a712d593960c02177cfb1794eac8dc02f329,0x81be0a491062b17029e75217f371dbaef54f8a121c7b33846c012bfe11d69357,1466146402,1511,0x2cc2a712d593960c02177cfb1794eac8dc02f329,0x74f2b989a585b15846123fcdb1d958d5eed20da5,508388408744281
0x2cc2a712d593960c02177cfb1794eac8dc02f329,0x2ee5e80e23b528eb2b88d31de7aabf222c0e0f66066975cf5a1aeffaa36325e2,1469001267,2432,0x2cc2a712d593960c02177cfb1794eac8dc02f329,0x74f2b989a585b15846123fcdb1d958d5eed20da5,1000000000000000000
0x2cc2a712d593960c02177cfb1794eac8dc02f329,0xa32d0352e39eac018bff34d3d0f16fe7c39e3b4d8172bb3609710af30085c6d3,1469005427,2872,0x2cc2a712d593960c02177cfb1794eac8dc02f329,0x74f2b989a585b15846123fcdb1d958d5eed20da5,1000000000000000000
0x2cc2a712d593960c02177cfb1794eac8dc02f329,0x28b1d6a99e61884a33324dee9893b67c7023281144cfe00a8130721b115af331,1469005476,3312,0x2cc2a712d593960c02177cfb1794eac8dc02f329,0x74f2b989a585b15846123fcdb1d958d5eed20da5,1997009580358680113783
0x427eeb68c44b44b345fbcd51c1f360202082aadd,0xf75ce554de1627f38a68a8cff405ab74f8214d0e4db66a128cedc1b99cbd5cc9,1554462276,1562,0x427eeb68c44b44b345fbcd51c1f360202082aadd,0x65b0bf8ee4947edd2a500d74e50a3d757dc79de0,3013723288153037002
0x78465c7dbbf4a78a264a54a34faab072b66068cb,0x891e615d82f76d7ed01541e45dcdfeb2e167de97d93caa989df8675fa68d8277,1510165435,154,0x78465c7dbbf4a78a264a54a34faab072b66068cb,0xb96abf610b6ec74c2f911ccd3421265e9acfe44e,1000000000000000
0x78465c7dbbf4a78a264a54a34faab072b66068cb,0x7e150c259852c0881d0615dbdefb32bad5b2bff97eea453c867c6ed259ea0b69,1510165650,385,0x78465c7dbbf4a78a264a54a34faab072b66068cb,0xb96abf610b6ec74c2f911ccd3421265e9acfe44e,1000000000000000
0x78465c7dbbf4a78a264a54a34faab072b66068cb,0x5eaa1860dc4e7774fe197c8f0abf64b3672174391ee9c05ce789df8969e00748,1510165716,616,0x78465c7dbbf4a78a264a54a34faab072b66068cb,0xb96abf610b6ec74c2f911ccd3421265e9acfe44e,1000000000000000
0x78465c7dbbf4a78a264a54a34faab072b66068cb,0x802b096480f0aa95e93eea345f29d594cbbf7c201863915873c39dfc4b3aa951,1510166123,847,0x78465c7dbbf4a78a264a54a34faab072b66068cb,0xb96abf610b6ec74c2f911ccd3421265e9acfe44e,10000000000000000
0xb4a330bcb3961984161ffad8f44395c41453d357,0x3fe25b7b8c7d47f6e855380c90c897cad2c7b1a4d73f555472e7e3fda55f342e,1556740311,1562,0xb4a330bcb3961984161ffad8f44395c41453d357,0x3c02efddbd38de47e1708d563b4f367a5893144d,99000000000000000
0xdc3feadcaf7368b42a86129ff0b2c2eda24156ff,0x7117d97d996136cc4f567763daf3a3e19ed555a546c06e963725476824994574,1566842482,534,0xdc3feadcaf7368b42a86129ff0b2c2eda24156ff,0x25434b5eaafb9e16cd80e63d39e3081132ba30df,1000000000000000
0xdc3feadcaf7368b42a86129ff0b2c2eda24156ff,0x7117d97d996136cc4f567763daf3a3e19ed555a546c06e963725476824994574,1566842482,961,0xdc3feadcaf7368b42a86129ff0b2c2eda24156ff,0xb4e8a1326e19500fdfa48f0be418dcbb111a1065,1000000000000000
0xdc3feadcaf7368b42a86129ff0b2c2eda24156ff,0x7117d97d996136cc4f567763daf3a3e19ed555a546c06e963725476824994574,1566842482,2183,0xdc3feadcaf7368b42a86129ff0b2c2eda24156ff,0xd8b1043f62eec5fceb0f6e004db2e56abf34cc1f,13000000000000000
0xdc3feadcaf7368b42a86129ff0b2c2eda24156ff,0xc4924c968f425da85e4ee63a13f3f109b8e1b8a1d8e50916d719a48178b15809,1566842482,2744,0xdc3feadcaf7368b42a86129ff0b2c2eda24156ff,0x25434b5eaafb9e16cd80e63d39e3081132ba30df,1000000000000000
0xdc3feadcaf7368b42a86129ff0b2c2eda24156ff,0xc4924c968f425da85e4ee63a13f3f109b8e1b8a1d8e50916d719a48178b15809,1566842482,3171,0xdc3feadcaf7368b42a86129ff0b2c2eda24156ff,0xb4e8a1326e19500fdfa48f0be418dcbb111a1065,1000000000000000
0xdc3feadcaf7368b42a86129ff0b2c2eda24156ff,0xe229fc7a34961064e00e120ec9f99ff70e5fe26191c5ab92d88166e6982f1086,1566842510,4361,0xdc3feadcaf7368b42a86129ff0b2c2eda24156ff,0x25434b5eaafb9e16cd80e63d39e3081132ba30df,1000000000000000
0xdc3feadcaf7368b42a86129ff0b2c2eda24156ff,0xe229fc7a34961064e00e120ec9f99ff70e5fe26191c5ab92d88166e6982f1086,1566842510,4788,0xdc3feadcaf7368b42a86129ff0b2c2eda24156ff,0xb4e8a1326e19500fdfa48f0be418dcbb111a1065,1000000000000000
0xdc3feadcaf7368b42a86129ff0b2c2eda24156ff,0xe229fc7a34961064e00e120ec9f99ff70e5fe26191c5ab92d88166e6982f1086,1566842510,6152,0xdc3feadcaf7368b42a86129ff0b2c2eda24156ff,0x58142129771e6e2b5cc16a9c4a290bf1e0b46d5d,13000000000000000
0xdc3feadcaf7368b42a86129ff0b2c2eda24156ff,0x11c6e26e1e1db7ecd542ed843d1e89ada2fc4bfb7df4577e0b84d121503bd444,1566842510,6713,0xdc3feadcaf7368b42a86129ff0b2c2eda24156ff,0x25434b5eaafb9e16cd80e63d39e3081132ba30df,1000000000000000
0xdc3feadcaf7368b42a86129ff0b2c2eda24156ff,0x11c6e26e1e1db7ecd542ed843d1e89ada2fc4bfb7df4577e0b84d121503bd444,1566842510,7140,0xdc3feadcaf7368b42a86129ff0b2c2eda24156ff,0xb4e8a1326e19500fdfa48f0be418dcbb111a1065,1000000000000000
0xdc3feadcaf7368b42a86129ff0b2c2eda24156ff,0x55c90eb31f91634839e7bcedd827e05b728c0d818a6748802b493984b0edf85b,1566842552,17875,0xdc3feadcaf7368b42a86129ff0b2c2eda24156ff,0x25434b5eaafb9e16cd80e63d39e3081132ba30df,1000000000000000
0xdc3feadcaf7368b42a86129ff0b2c2eda24156ff,0x55c90eb31f91634839e7bcedd827e05b728c0d818a6748802b493984b0edf85b,1566842552,18302,0xdc3feadcaf7368b42a86129ff0b2c2eda24156ff,0xb4e8a1326e19500fdfa48f0be418dcbb111a1065,1000000000000000
0xdc3feadcaf7368b42a86129ff0b2c2eda24156ff,0x55c90eb31f91634839e7bcedd827e05b728c0d818a6748802b493984b0edf85b,1566842552,19808,0xdc3feadcaf7368b42a86129ff0b2c2eda24156ff,0xb4e8a1326e19500fdfa48f0be418dcbb111a1065,13000000000000000
0xdc3feadcaf7368b42a86129ff0b2c2eda24156ff,0x369b684e2f77c791f412464938ee46f16a9d53ce6443143cb0bd9960b0e61c44,1566842580,22810,0xdc3feadcaf7368b42a86129ff0b2c2eda24156ff,0x25434b5eaafb9e16cd80e63d39e3081132ba30df,1000000000000000
0xdc3feadcaf7368b42a86129ff0b2c2eda24156ff,0x369b684e2f77c791f412464938ee46f16a9d53ce6443143cb0bd9960b0e61c44,1566842580,23237,0xdc3feadcaf7368b42a86129ff0b2c2eda24156ff,0xb4e8a1326e19500fdfa48f0be418dcbb111a1065,1000000000000000
0xdc3feadcaf7368b42a86129ff0b2c2eda24156ff,0x369b684e2f77c791f412464938ee46f16a9d53ce6443143cb0bd9960b0e61c44,1566842580,24885,0xdc3feadcaf7368b42a86129ff0b2c2eda24156ff,0x58142129771e6e2b5cc16a9c4a290bf1e0b46d5d,13000000000000000
0xdc3feadcaf7368b42a86129ff0b2c2eda24156ff,0xd17eb0b5beec3dfad70263a01f4483ac5d4b6634d55460488f9f2ad224a9a63e,1566842597,25446,0xdc3feadcaf7368b42a86129ff0b2c2eda24156ff,0x25434b5eaafb9e16cd80e63d39e3081132ba30df,1000000000000000
0xdc3feadcaf7368b42a86129ff0b2c2eda24156ff,0xd17eb0b5beec3dfad70263a01f4483ac5d4b6634d55460488f9f2ad224a9a63e,1566842597,25873,0xdc3feadcaf7368b42a86129ff0b2c2eda24156ff,0xb4e8a1326e19500fdfa48f0be418dcbb111a1065,1000000000000000
0xdc3feadcaf7368b42a86129ff0b2c2eda24156ff,0x6fd889e82bd7d0f1652d5042e8713b26fb94ad36f575e1fbf7c85e1de5fe8430,1566842642,32229,0xdc3feadcaf7368b42a86129ff0b2c2eda24156ff,0x25434b5eaafb9e16cd80e63d39e3081132ba30df,1000000000000000
0xdc3feadcaf7368b42a86129ff0b2c2eda24156ff,0x6fd889e82bd7d0f1652d5042e8713b26fb94ad36f575e1fbf7c85e1de5fe8430,1566842642,32656,0xdc3feadcaf7368b42a86129ff0b2c2eda24156ff,0xb4e8a1326e19500fdfa48f0be418dcbb111a1065,1000000000000000
0xdc3feadcaf7368b42a86129ff0b2c2eda24156ff,0x6fd889e82bd7d0f1652d5042e8713b26fb94ad36f575e1fbf7c85e1de5fe8430,1566842642,34446,0xdc3feadcaf7368b42a86129ff0b2c2eda24156ff,0xd8b1043f62eec5fceb0f6e004db2e56abf34cc1f,13000000000000000
0xdc3feadcaf7368b42a86129ff0b2c2eda24156ff,0xea455acaebe99499b5a8ea7c74cbbde2935f567d715e7c85ece8d92078b54159,1566842692,35007,0xdc3feadcaf7368b42a86129ff0b2c2eda24156ff,0x25434b5eaafb9e16cd80e63d39e3081132ba30df,1000000000000000
0xdc3feadcaf7368b42a86129ff0b2c2eda24156ff,0xea455acaebe99499b5a8ea7c74cbbde2935f567d715e7c85ece8d92078b54159,1566842692,35434,0xdc3feadcaf7368b42a86129ff0b2c2eda24156ff,0xb4e8a1326e19500fdfa48f0be418dcbb111a1065,1000000000000000
0xdc3feadcaf7368b42a86129ff0b2c2eda24156ff,0xea455acaebe99499b5a8ea7c74cbbde2935f567d715e7c85ece8d92078b54159,1566842692,37366,0xdc3feadcaf7368b42a86129ff0b2c2eda24156ff,0xa1cc48864e5e7dfadfc8d2eb0d57dcce283a8d88,13000000000000000
0xdc3feadcaf7368b42a86129ff0b2c2eda24156ff,0x083d5964fd7b58769b0e8b070a389090223c434a804e0ec4a64406fd3ab8648c,1566842705,37927,0xdc3feadcaf7368b42a86129ff0b2c2eda24156ff,0x25434b5eaafb9e16cd80e63d39e3081132ba30df,1000000000000000
0xdc3feadcaf7368b42a86129ff0b2c2eda24156ff,0x083d5964fd7b58769b0e8b070a389090223c434a804e0ec4a64406fd3ab8648c,1566842705,38354,0xdc3feadcaf7368b42a86129ff0b2c2eda24156ff,0xb4e8a1326e19500fdfa48f0be418dcbb111a1065,1000000000000000
0xdc3feadcaf7368b42a86129ff0b2c2eda24156ff,0xfad275774f2fe474f41c9f4ae61a363406a139099fe3eca0d0f49f7d7878ac72,1566842428,44056,0xdc3feadcaf7368b42a86129ff0b2c2eda24156ff,0xb4e8a1326e19500fdfa48f0be418dcbb111a1065,13000000000000000
0xdc3feadcaf7368b42a86129ff0b2c2eda24156ff,0x3e3cde323e823963ad323f618e70a38a4dae6b27363f8044127fd3aaaeb7fcee,1566842428,44624,0xdc3feadcaf7368b42a86129ff0b2c2eda24156ff,0x25434b5eaafb9e16cd80e63d39e3081132ba30df,1000000000000000
0xdc3feadcaf7368b42a86129ff0b2c2eda24156ff,0x3e3cde323e823963ad323f618e70a38a4dae6b27363f8044127fd3aaaeb7fcee,1566842428,45051,0xdc3feadcaf7368b42a86129ff0b2c2eda24156ff,0xb4e8a1326e19500fdfa48f0be418dcbb111a1065,1000000000000000
0xdc3feadcaf7368b42a86129ff0b2c2eda24156ff,0x158bfd78fcd1f3897a5e4262cab15d8ab94896709a2b4a8d2599d06a004b0f88,1566842437,46241,0xdc3feadcaf7368b42a86129ff0b2c2eda24156ff,0x25434b5eaafb9e16cd80e63d39e3081132ba30df,1000000000000000
0xdc3feadcaf7368b42a86129ff0b2c2eda24156ff,0x158bfd78fcd1f3897a5e4262cab15d8ab94896709a2b4a8d2599d06a004b0f88,1566842437,46668,0xdc3feadcaf7368b42a86129ff0b2c2eda24156ff,0xb4e8a1326e19500fdfa48f0be418dcbb111a1065,1000000000000000
0xdc3feadcaf7368b42a86129ff0b2c2eda24156ff,0x158bfd78fcd1f3897a5e4262cab15d8ab94896709a2b4a8d2599d06a004b0f88,1566842437,47748,0xdc3feadcaf7368b42a86129ff0b2c2eda24156ff,0xfd6f9738025c65d63ceac18c7720d03cc4fbf555,13000000000000000
0xdc3feadcaf7368b42a86129ff0b2c2eda24156ff,0x80b2022b5d2c29ecbe3eba59477c74af26efbacd122a1d41b0167e0ef68b1c88,1566843125,50324,0xdc3feadcaf7368b42a86129ff0b2c2eda24156ff,0x25434b5eaafb9e16cd80e63d39e3081132ba30df,1000000000000000
0xdc3feadcaf7368b42a86129ff0b2c2eda24156ff,0x80b2022b5d2c29ecbe3eba59477c74af26efbacd122a1d41b0167e0ef68b1c88,1566843125,50751,0xdc3feadcaf7368b42a86129ff0b2c2eda24156ff,0xb4e8a1326e19500fdfa48f0be418dcbb111a1065,1000000000000000
0xdc3feadcaf7368b42a86129ff0b2c2eda24156ff,0x80b2022b5d2c29ecbe3eba59477c74af26efbacd122a1d41b0167e0ef68b1c88,1566843125,53251,0xdc3feadcaf7368b42a86129ff0b2c2eda24156ff,0x58142129771e6e2b5cc16a9c4a290bf1e0b46d5d,13000000000000000
0xdc3feadcaf7368b42a86129ff0b2c2eda24156ff,0x039cf711ddc9222a72569bafb94cca267e15a4b26c1c38d57346e5278fc79206,1566843147,57596,0xdc3feadcaf7368b42a86129ff0b2c2eda24156ff,0x25434b5eaafb9e16cd80e63d39e3081132ba30df,1000000000000000
0xdc3feadcaf7368b42a86129ff0b2c2eda24156ff,0x039cf711ddc9222a72569bafb94cca267e15a4b26c1c38d57346e5278fc79206,1566843147,58023,0xdc3feadcaf7368b42a86129ff0b2c2eda24156ff,0xb4e8a1326e19500fdfa48f0be418dcbb111a1065,1000000000000000
0xdc3feadcaf7368b42a86129ff0b2c2eda24156ff,0x57b174e250dcc28cc54a9dd0812a9894ed91973768a87adb1c85aa7d0457ad34,1566843229,59213,0xdc3feadcaf7368b42a86129ff0b2c2eda24156ff,0x25434b5eaafb9e16cd80e63d39e3081132ba30df,1000000000000000
0xdc3feadcaf7368b42a86129ff0b2c2eda24156ff,0x57b174e250dcc28cc54a9dd0812a9894ed91973768a87adb1c85aa7d0457ad34,1566843229,59640,0xdc3feadcaf7368b42a86129ff0b2c2eda24156ff,0xb4e8a1326e19500fdfa48f0be418dcbb111a1065,1000000000000000
0xdc3feadcaf7368b42a86129ff0b2c2eda24156ff,0x57b174e250dcc28cc54a9dd0812a9894ed91973768a87adb1c85aa7d0457ad34,1566843229,62282,0xdc3feadcaf7368b42a86129ff0b2c2eda24156ff,0x89410973874a50f62e93ab1a06e130944e12c746,13000000000000000
0xdc3feadcaf7368b42a86129ff0b2c2eda24156ff,0x4e8874b4ecc09241e124d95ac136c3a613f7f65580a3e4e99f2017e5ca22203f,1566842735,62843,0xdc3feadcaf7368b42a86129ff0b2c2eda24156ff,0x25434b5eaafb9e16cd80e63d39e3081132ba30df,1000000000000000
0xdc3feadcaf7368b42a86129ff0b2c2eda24156ff,0x4e8874b4ecc09241e124d95ac136c3a613f7f65580a3e4e99f2017e5ca22203f,1566842735,63270,0xdc3feadcaf7368b42a86129ff0b2c2eda24156ff,0xb4e8a1326e19500fdfa48f0be418dcbb111a1065,1000000000000000
0xdc3feadcaf7368b42a86129ff0b2c2eda24156ff,0x4e8874b4ecc09241e124d95ac136c3a613f7f65580a3e4e99f2017e5ca22203f,1566842735,65344,0xdc3feadcaf7368b42a86129ff0b2c2eda24156ff,0xb4e8a1326e19500fdfa48f0be418dcbb111a1065,13000000000000000
0xdc3feadcaf7368b42a86129ff0b2c2eda24156ff,0xda2faa51ec90dbafa91414805dabf16d91bb64922821547af22caf4896ffaa14,1566842764,65905,0xdc3feadcaf7368b42a86129ff0b2c2eda24156ff,0x25434b5eaafb9e16cd80e63d39e3081132ba30df,1000000000000000
0xdc3feadcaf7368b42a86129ff0b2c2eda24156ff,0xda2faa51ec90dbafa91414805dabf16d91bb64922821547af22caf4896ffaa14,1566842764,66332,0xdc3feadcaf7368b42a86129ff0b2c2eda24156ff,0xb4e8a1326e19500fdfa48f0be418dcbb111a1065,1000000000000000
0xdc3feadcaf7368b42a86129ff0b2c2eda24156ff,0x12f69b7d3111eda61c28489f84a9b9982ea3416b13002bb8414ed1899a8a4fb5,1566842889,67522,0xdc3feadcaf7368b42a86129ff0b2c2eda24156ff,0x25434b5eaafb9e16cd80e63d39e3081132ba30df,1000000000000000
0xdc3feadcaf7368b42a86129ff0b2c2eda24156ff,0x12f69b7d3111eda61c28489f84a9b9982ea3416b13002bb8414ed1899a8a4fb5,1566842889,67949,0xdc3feadcaf7368b42a86129ff0b2c2eda24156ff,0xb4e8a1326e19500fdfa48f0be418dcbb111a1065,1000000000000000
0xdc3feadcaf7368b42a86129ff0b2c2eda24156ff,0x12f69b7d3111eda61c28489f84a9b9982ea3416b13002bb8414ed1899a8a4fb5,1566842889,70165,0xdc3feadcaf7368b42a86129ff0b2c2eda24156ff,0xa1cc48864e5e7dfadfc8d2eb0d57dcce283a8d88,13000000000000000
0xdc3feadcaf7368b42a86129ff0b2c2eda24156ff,0x0158d4236071d4b3f7175d95037b6e1468bac3ad0b946805023843d71a4b1f93,1566842963,73877,0xdc3feadcaf7368b42a86129ff0b2c2eda24156ff,0x25434b5eaafb9e16cd80e63d39e3081132ba30df,1000000000000000
0xdc3feadcaf7368b42a86129ff0b2c2eda24156ff,0x0158d4236071d4b3f7175d95037b6e1468bac3ad0b946805023843d71a4b1f93,1566842963,74304,0xdc3feadcaf7368b42a86129ff0b2c2eda24156ff,0xb4e8a1326e19500fdfa48f0be418dcbb111a1065,1000000000000000
0xdc3feadcaf7368b42a86129ff0b2c2eda24156ff,0x0158d4236071d4b3f7175d95037b6e1468bac3ad0b946805023843d71a4b1f93,1566842963,76662,0xdc3feadcaf7368b42a86129ff0b2c2eda24156ff,0xa1cc48864e5e7dfadfc8d2eb0d57dcce283a8d88,13000000000000000
0xdc3feadcaf7368b42a86129ff0b2c2eda24156ff,0x30cfbad8a5d08f249fa59842b6eed9a592ca055eab16fa610e69d12f6e3819c4,1566843103,77223,0xdc3feadcaf7368b42a86129ff0b2c2eda24156ff,0x25434b5eaafb9e16cd80e63d39e3081132ba30df,1000000000000000
0xdc3feadcaf7368b42a86129ff0b2c2eda24156ff,0x30cfbad8a5d08f249fa59842b6eed9a592ca055eab16fa610e69d12f6e3819c4,1566843103,77650,0xdc3feadcaf7368b42a86129ff0b2c2eda24156ff,0xb4e8a1326e19500fdfa48f0be418dcbb111a1065,1000000000000000
0xdc3feadcaf7368b42a86129ff0b2c2eda24156ff,0x4107b203808ccdef59b86be634fe5d45951e67d6865d0740d9ff3eaad50b710f,1566843949,80441,0xdc3feadcaf7368b42a86129ff0b2c2eda24156ff,0x25434b5eaafb9e16cd80e63d39e3081132ba30df,1000000000000000
0xdc3feadcaf7368b42a86129ff0b2c2eda24156ff,0x4107b203808ccdef59b86be634fe5d45951e67d6865d0740d9ff3eaad50b710f,1566843949,80868,0xdc3feadcaf7368b42a86129ff0b2c2eda24156ff,0xb4e8a1326e19500fdfa48f0be418dcbb111a1065,1000000000000000
0xdc3feadcaf7368b42a86129ff0b2c2eda24156ff,0x4107b203808ccdef59b86be634fe5d45951e67d6865d0740d9ff3eaad50b710f,1566843949,83652,0xdc3feadcaf7368b42a86129ff0b2c2eda24156ff,0x89410973874a50f62e93ab1a06e130944e12c746,13000000000000000
0xdc3feadcaf7368b42a86129ff0b2c2eda24156ff,0x250dcb61da43e4672384ef29fd1ccd55ed860daac66827dda894b97abdbf7f54,1566844115,84213,0xdc3feadcaf7368b42a86129ff0b2c2eda24156ff,0x25434b5eaafb9e16cd80e63d39e3081132ba30df,1000000000000000
0xdc3feadcaf7368b42a86129ff0b2c2eda24156ff,0x250dcb61da43e4672384ef29fd1ccd55ed860daac66827dda894b97abdbf7f54,1566844115,84640,0xdc3feadcaf7368b42a86129ff0b2c2eda24156ff,0xb4e8a1326e19500fdfa48f0be418dcbb111a1065,1000000000000000
0xdc3feadcaf7368b42a86129ff0b2c2eda24156ff,0xd4742b06b1cf01568d070f306f6223e5f97fa5448bdfb3f0a05cd9438a05695b,1566845715,85830,0xdc3feadcaf7368b42a86129ff0b2c2eda24156ff,0x25434b5eaafb9e16cd80e63d39e3081132ba30df,2000000000000000
0xdc3feadcaf7368b42a86129ff0b2c2eda24156ff,0xd4742b06b1cf01568d070f306f6223e5f97fa5448bdfb3f0a05cd9438a05695b,1566845715,86257,0xdc3feadcaf7368b42a86129ff0b2c2eda24156ff,0xb4e8a1326e19500fdfa48f0be418dcbb111a1065,2000000000000000
0xdc3feadcaf7368b42a86129ff0b2c2eda24156ff,0xd4742b06b1cf01568d070f306f6223e5f97fa5448bdfb3f0a05cd9438a05695b,1566845715,89426,0xdc3feadcaf7368b42a86129ff0b2c2eda24156ff,0xb4e8a1326e19500fdfa48f0be418dcbb111a1065,13000000000000000
0xdc3feadcaf7368b42a86129ff0b2c2eda24156ff,0x229a26b34461b5e132ccbf9e35cc2a1ed2f50a2da94382adce71df4bc4fc7965,1566845404,89987,0xdc3feadcaf7368b42a86129ff0b2c2eda24156ff,0x25434b5eaafb9e16cd80e63d39e3081132ba30df,1000000000000000
0xdc3feadcaf7368b42a86129ff0b2c2eda24156ff,0x229a26b34461b5e132ccbf9e35cc2a1ed2f50a2da94382adce71df4bc4fc7965,1566845404,90414,0xdc3feadcaf7368b42a86129ff0b2c2eda24156ff,0xb4e8a1326e19500fdfa48f0be418dcbb111a1065,1000000000000000
0xdc3feadcaf7368b42a86129ff0b2c2eda24156ff,0x229a26b34461b5e132ccbf9e35cc2a1ed2f50a2da94382adce71df4bc4fc7965,1566845404,91388,0xdc3feadcaf7368b42a86129ff0b2c2eda24156ff,0xb4e8a1326e19500fdfa48f0be418dcbb111a1065,13000000000000000
0xdc3feadcaf7368b42a86129ff0b2c2eda24156ff,0x0ab423e1a60df754d0b6da4c986661f18f2b5d0f3b3539563f4246ddf127fd74,1566849273,91956,0xdc3feadcaf7368b42a86129ff0b2c2eda24156ff,0x25434b5eaafb9e16cd80e63d39e3081132ba30df,1000000000000000
0xdc3feadcaf7368b42a86129ff0b2c2eda24156ff,0x0ab423e1a60df754d0b6da4c986661f18f2b5d0f3b3539563f4246ddf127fd74,1566849273,92383,0xdc3feadcaf7368b42a86129ff0b2c2eda24156ff,0xb4e8a1326e19500fdfa48f0be418dcbb111a1065,1000000000000000
0xdc3feadcaf7368b42a86129ff0b2c2eda24156ff,0x0ab423e1a60df754d0b6da4c986661f18f2b5d0f3b3539563f4246ddf127fd74,1566849273,95345,0xdc3feadcaf7368b42a86129ff0b2c2eda24156ff,0xb4e8a1326e19500fdfa48f0be418dcbb111a1065,13000000000000000
0xdc3feadcaf7368b42a86129ff0b2c2eda24156ff,0x9d29f333ccc6e747a7a4b237aa2e439788cfda3a7562668f5d2e710cae25a9ab,1566849439,95906,0xdc3feadcaf7368b42a86129ff0b2c2eda24156ff,0x25434b5eaafb9e16cd80e63d39e3081132ba30df,3000000000000000
0xdc3feadcaf7368b42a86129ff0b2c2eda24156ff,0x9d29f333ccc6e747a7a4b237aa2e439788cfda3a7562668f5d2e710cae25a9ab,1566849439,96333,0xdc3feadcaf7368b42a86129ff0b2c2eda24156ff,0xb4e8a1326e19500fdfa48f0be418dcbb111a1065,3000000000000000
0xdc3feadcaf7368b42a86129ff0b2c2eda24156ff,0x9d29f333ccc6e747a7a4b237aa2e439788cfda3a7562668f5d2e710cae25a9ab,1566849439,100135,0xdc3feadcaf7368b42a86129ff0b2c2eda24156ff,0xb4e8a1326e19500fdfa48f0be418dcbb111a1065,13000000000000000
0xdc3feadcaf7368b42a86129ff0b2c2eda24156ff,0x9d29f333ccc6e747a7a4b237aa2e439788cfda3a7562668f5d2e710cae25a9ab,1566849439,100469,0xdc3feadcaf7368b42a86129ff0b2c2eda24156ff,0xa1cc48864e5e7dfadfc8d2eb0d57dcce283a8d88,13000000000000000
0xdc3feadcaf7368b42a86129ff0b2c2eda24156ff,0xa735bc076bd57555e0468fdc81a99fd9fdc3b2ae7ded195cfd33189945c8da49,1566850838,101030,0xdc3feadcaf7368b42a86129ff0b2c2eda24156ff,0x25434b5eaafb9e16cd80e63d39e3081132ba30df,2000000000000000
0xdc3feadcaf7368b42a86129ff0b2c2eda24156ff,0xa735bc076bd57555e0468fdc81a99fd9fdc3b2ae7ded195cfd33189945c8da49,1566850838,101457,0xdc3feadcaf7368b42a86129ff0b2c2eda24156ff,0xb4e8a1326e19500fdfa48f0be418dcbb111a1065,2000000000000000
0xdc3feadcaf7368b42a86129ff0b2c2eda24156ff,0xa735bc076bd57555e0468fdc81a99fd9fdc3b2ae7ded195cfd33189945c8da49,1566850838,105172,0xdc3feadcaf7368b42a86129ff0b2c2eda24156ff,0xb4e8a1326e19500fdfa48f0be418dcbb111a1065,13000000000000000
0xdc3feadcaf7368b42a86129ff0b2c2eda24156ff,0xcbbd77bbfe93b00270cae043f5593baedcc7e072cf0439530d767d2870a806bb,1566855312,105685,0xdc3feadcaf7368b42a86129ff0b2c2eda24156ff,0xb4e8a1326e19500fdfa48f0be418dcbb111a1065,1980000000000000000
0xdc3feadcaf7368b42a86129ff0b2c2eda24156ff,0xcbbd77bbfe93b00270cae043f5593baedcc7e072cf0439530d767d2870a806bb,1566855312,105784,0xdc3feadcaf7368b42a86129ff0b2c2eda24156ff,0x25434b5eaafb9e16cd80e63d39e3081132ba30df,4000000000000000
0xdc3feadcaf7368b42a86129ff0b2c2eda24156ff,0xcbbd77bbfe93b00270cae043f5593baedcc7e072cf0439530d767d2870a806bb,1566855312,105893,0xdc3feadcaf7368b42a86129ff0b2c2eda24156ff,0xd8b1043f62eec5fceb0f6e004db2e56abf34cc1f,10000000000000000
0xadb56e41cc718d2dec6dc8e0ab0f41031e1b1dbc,0x097bebed4593157ec7d9f2169c70192f466b5feab3a3cde1685221ccec05832a,1541584402,1562,0xadb56e41cc718d2dec6dc8e0ab0f41031e1b1dbc,0x15c599c999e0f281625598b74c995d2e519567dd,99945000000000000
0x8cea9875c13211d40085b7d343f92007f5aa2258,0xad82670de8ef1aab58f6637ef314a8102f105e73cec93f99d4e5a08d3a2ca301,1555583760,1562,0x8cea9875c13211d40085b7d343f92007f5aa2258,0xf1990b5ce3226355d9b761071be807acd370a9e0,99900000000000000
0x67d46e7ba95f840c0116b31a0f6220c04e0bbbe8,0x453327597a4ff5b324ef67c34faa90685897e5bd4052d540b910acc30052e8ba,1557576261,1562,0x67d46e7ba95f840c0116b31a0f6220c04e0bbbe8,0xcbb7a90babce8b891c288b2de5779f4c62f29c01,99541000000000000
0x03f59a116df367a459abcdc838ad83ac44b99433,0xf93a1e3482e2df7620d4e896959fbb82a57105601b9debffbdd425b26f3c07b5,1553550385,1562,0x03f59a116df367a459abcdc838ad83ac44b99433,0x6e36c2a0aa630932762e25e4ef2999471a2169b1,999945000000000000
0x6d5c010de298a5cbb0ffcb67cbdafc49b22cccd3,0x61c830d8b2f827932c45aa74379939195aa05d02b607aa224eb03a9212026fb2,1558347407,1562,0x6d5c010de298a5cbb0ffcb67cbdafc49b22cccd3,0xb3be40c54e0b06b9c210caaa632559020d2b26da,99900000000000000
0x22f0afc0ce598d76443cf70244bb14fc51cdc0f5,0x0583810f174e455379a6074d944157525e888389b4c69ed98b4cf4418104e0cd,1562637227,1642,0x22f0afc0ce598d76443cf70244bb14fc51cdc0f5,0x65b0bf8ee4947edd2a500d74e50a3d757dc79de0,1050000000000000000
0x22f0afc0ce598d76443cf70244bb14fc51cdc0f5,0xc6c4465dcddf019376b89f0fc374203caca424e1808f82d701f1d91fd2f0e8d2,1562853310,3424,0x22f0afc0ce598d76443cf70244bb14fc51cdc0f5,0x65b0bf8ee4947edd2a500d74e50a3d757dc79de0,627209390000000000
0x22f0afc0ce598d76443cf70244bb14fc51cdc0f5,0x898bb2e3dabaf0dcd8a972647d0406b8f2cef9b48d3fcb7912626dae3f6051ec,1563794921,5206,0x22f0afc0ce598d76443cf70244bb14fc51cdc0f5,0x65b0bf8ee4947edd2a500d74e50a3d757dc79de0,990000000000000000
0x22f0afc0ce598d76443cf70244bb14fc51cdc0f5,0x4f85203d61eb6399759e5eea7fa8aa8f5e518fb829130b12b0eaba7eb26df456,1565803581,6988,0x22f0afc0ce598d76443cf70244bb14fc51cdc0f5,0x65b0bf8ee4947edd2a500d74e50a3d757dc79de0,2563135860000000000
0x030a6faf06108eaab834181b8edaf6d1e4b3007f,0xb23cd40ec3f0bc5db80d7d21ba0ccdbce0aa1253852b7819bad7e63fc9d8abea,1521671504,287,0x030a6faf06108eaab834181b8edaf6d1e4b3007f,0xc84c18a88789dba5b0ca9c13973435bbce7e961d,1000000000000000
0x030a6faf06108eaab834181b8edaf6d1e4b3007f,0xb23cd40ec3f0bc5db80d7d21ba0ccdbce0aa1253852b7819bad7e63fc9d8abea,1521671504,395,0x030a6faf06108eaab834181b8edaf6d1e4b3007f,0x26581d1983ced8955c170eb4d3222dcd3845a092,25000000000000
0x030a6faf06108eaab834181b8edaf6d1e4b3007f,0xb23cd40ec3f0bc5db80d7d21ba0ccdbce0aa1253852b7819bad7e63fc9d8abea,1521671504,438,0x030a6faf06108eaab834181b8edaf6d1e4b3007f,0x26581d1983ced8955c170eb4d3222dcd3845a092,25000000000000
0x030a6faf06108eaab834181b8edaf6d1e4b3007f,0x4602541dfc888e20b2c1715d744f1f36406451116856d6b8960a168dea3011e0,1521671504,1179,0x030a6faf06108eaab834181b8edaf6d1e4b3007f,0x26581d1983ced8955c170eb4d3222dcd3845a092,25000000000000
0x030a6faf06108eaab834181b8edaf6d1e4b3007f,0x4602541dfc888e20b2c1715d744f1f36406451116856d6b8960a168dea3011e0,1521671504,1222,0x030a6faf06108eaab834181b8edaf6d1e4b3007f,0x26581d1983ced8955c170eb4d3222dcd3845a092,25000000000000
0x030a6faf06108eaab834181b8edaf6d1e4b3007f,0x112bac0a1bebaf04f83735215e1b5614cab811e6a90e0d3970e3033ee467e9ff,1521671531,1881,0x030a6faf06108eaab834181b8edaf6d1e4b3007f,0xc84c18a88789dba5b0ca9c13973435bbce7e961d,1000000000000000
0x030a6faf06108eaab834181b8edaf6d1e4b3007f,0x112bac0a1bebaf04f83735215e1b5614cab811e6a90e0d3970e3033ee467e9ff,1521671531,1989,0x030a6faf06108eaab834181b8edaf6d1e4b3007f,0x26581d1983ced8955c170eb4d3222dcd3845a092,25000000000000
0x030a6faf06108eaab834181b8edaf6d1e4b3007f,0x112bac0a1bebaf04f83735215e1b5614cab811e6a90e0d3970e3033ee467e9ff,1521671531,2032,0x030a6faf06108eaab834181b8edaf6d1e4b3007f,0x26581d1983ced8955c170eb4d3222dcd3845a092,25000000000000
0x030a6faf06108eaab834181b8edaf6d1e4b3007f,0x5f0c69ec1293c0cf7b10c6dfc792b2188737c379718330614f922be9a5391583,1521671758,2938,0x030a6faf06108eaab834181b8edaf6d1e4b3007f,0xc84c18a88789dba5b0ca9c13973435bbce7e961d,1000000000000000
0x030a6faf06108eaab834181b8edaf6d1e4b3007f,0x5f0c69ec1293c0cf7b10c6dfc792b2188737c379718330614f922be9a5391583,1521671758,3046,0x030a6faf06108eaab834181b8edaf6d1e4b3007f,0x26581d1983ced8955c170eb4d3222dcd3845a092,25000000000000
0x030a6faf06108eaab834181b8edaf6d1e4b3007f,0x5f0c69ec1293c0cf7b10c6dfc792b2188737c379718330614f922be9a5391583,1521671758,3089,0x030a6faf06108eaab834181b8edaf6d1e4b3007f,0x26581d1983ced8955c170eb4d3222dcd3845a092,25000000000000
0x030a6faf06108eaab834181b8edaf6d1e4b3007f,0xc390e219eea0294efd9e5e52f343d4bce0b996e3d448b4480b65f6add4f31781,1521671758,3851,0x030a6faf06108eaab834181b8edaf6d1e4b3007f,0x26581d1983ced8955c170eb4d3222dcd3845a092,50000000000000
0x030a6faf06108eaab834181b8edaf6d1e4b3007f,0xc390e219eea0294efd9e5e52f343d4bce0b996e3d448b4480b65f6add4f31781,1521671758,3894,0x030a6faf06108eaab834181b8edaf6d1e4b3007f,0x26581d1983ced8955c170eb4d3222dcd3845a092,50000000000000
0x030a6faf06108eaab834181b8edaf6d1e4b3007f,0xc390e219eea0294efd9e5e52f343d4bce0b996e3d448b4480b65f6add4f31781,1521671758,4037,0x030a6faf06108eaab834181b8edaf6d1e4b3007f,0x08f4ae96b647b30177cc15b21195960625ba4163,1900000000000000
0x030a6faf06108eaab834181b8edaf6d1e4b3007f,0x19ef36f98c4bbb0a7c0c77e2eea44c4948942d657a531fe9544e8c6a33058cde,1521671758,4580,0x030a6faf06108eaab834181b8edaf6d1e4b3007f,0xc84c18a88789dba5b0ca9c13973435bbce7e961d,1000000000000000
0x030a6faf06108eaab834181b8edaf6d1e4b3007f,0x19ef36f98c4bbb0a7c0c77e2eea44c4948942d657a531fe9544e8c6a33058cde,1521671758,4688,0x030a6faf06108eaab834181b8edaf6d1e4b3007f,0x26581d1983ced8955c170eb4d3222dcd3845a092,25000000000000
0x030a6faf06108eaab834181b8edaf6d1e4b3007f,0x19ef36f98c4bbb0a7c0c77e2eea44c4948942d657a531fe9544e8c6a33058cde,1521671758,4731,0x030a6faf06108eaab834181b8edaf6d1e4b3007f,0x26581d1983ced8955c170eb4d3222dcd3845a092,25000000000000
0x030a6faf06108eaab834181b8edaf6d1e4b3007f,0x103eacb160015d11d17be0b19c9fb19e062b0d7e2b0100ced7c2f1089965779e,1521671758,5390,0x030a6faf06108eaab834181b8edaf6d1e4b3007f,0xc84c18a88789dba5b0ca9c13973435bbce7e961d,1000000000000000
0x030a6faf06108eaab834181b8edaf6d1e4b3007f,0x103eacb160015d11d17be0b19c9fb19e062b0d7e2b0100ced7c2f1089965779e,1521671758,5498,0x030a6faf06108eaab834181b8edaf6d1e4b3007f,0x26581d1983ced8955c170eb4d3222dcd3845a092,25000000000000
0x030a6faf06108eaab834181b8edaf6d1e4b3007f,0x103eacb160015d11d17be0b19c9fb19e062b0d7e2b0100ced7c2f1089965779e,1521671758,5541,0x030a6faf06108eaab834181b8edaf6d1e4b3007f,0x26581d1983ced8955c170eb4d3222dcd3845a092,25000000000000
0x030a6faf06108eaab834181b8edaf6d1e4b3007f,0x11fe59bd0e0e42436af97e731a3cd1d239a7bc812c115151a044707d03eafc66,1521671758,6200,0x030a6faf06108eaab834181b8edaf6d1e4b3007f,0xc84c18a88789dba5b0ca9c13973435bbce7e961d,1000000000000000
0x030a6faf06108eaab834181b8edaf6d1e4b3007f,0x11fe59bd0e0e42436af97e731a3cd1d239a7bc812c115151a044707d03eafc66,1521671758,6308,0x030a6faf06108eaab834181b8edaf6d1e4b3007f,0x26581d1983ced8955c170eb4d3222dcd3845a092,25000000000000
0x030a6faf06108eaab834181b8edaf6d1e4b3007f,0x11fe59bd0e0e42436af97e731a3cd1d239a7bc812c115151a044707d03eafc66,1521671758,6351,0x030a6faf06108eaab834181b8edaf6d1e4b3007f,0x26581d1983ced8955c170eb4d3222dcd3845a092,25000000000000
0x030a6faf06108eaab834181b8edaf6d1e4b3007f,0x33b906427cbf8a17e6e4c3c0447d1441f44dedbd4959e6f506f7a0dd856d18f6,1521671758,7010,0x030a6faf06108eaab834181b8edaf6d1e4b3007f,0xc84c18a88789dba5b0ca9c13973435bbce7e961d,1000000000000000
0x030a6faf06108eaab834181b8edaf6d1e4b3007f,0x33b906427cbf8a17e6e4c3c0447d1441f44dedbd4959e6f506f7a0dd856d18f6,1521671758,7118,0x030a6faf06108eaab834181b8edaf6d1e4b3007f,0x26581d1983ced8955c170eb4d3222dcd3845a092,25000000000000
0x030a6faf06108eaab834181b8edaf6d1e4b3007f,0x33b906427cbf8a17e6e4c3c0447d1441f44dedbd4959e6f506f7a0dd856d18f6,1521671758,7161,0x030a6faf06108eaab834181b8edaf6d1e4b3007f,0x26581d1983ced8955c170eb4d3222dcd3845a092,25000000000000
0x030a6faf06108eaab834181b8edaf6d1e4b3007f,0xd4eba515496e136b8a776a7d7a9c72e48c672a6ad510936da51f23465cf33123,1521674474,7893,0x030a6faf06108eaab834181b8edaf6d1e4b3007f,0x26581d1983ced8955c170eb4d3222dcd3845a092,25000000000000
0x030a6faf06108eaab834181b8edaf6d1e4b3007f,0xd4eba515496e136b8a776a7d7a9c72e48c672a6ad510936da51f23465cf33123,1521674474,7936,0x030a6faf06108eaab834181b8edaf6d1e4b3007f,0x26581d1983ced8955c170eb4d3222dcd3845a092,25000000000000
0x030a6faf06108eaab834181b8edaf6d1e4b3007f,0xcbda17f6edc35895c2afbc0818613db3e7822b0a401fcfb948c17e165c6b89e6,1521676167,8698,0x030a6faf06108eaab834181b8edaf6d1e4b3007f,0x26581d1983ced8955c170eb4d3222dcd3845a092,50000000000000
0x030a6faf06108eaab834181b8edaf6d1e4b3007f,0xcbda17f6edc35895c2afbc0818613db3e7822b0a401fcfb948c17e165c6b89e6,1521676167,8741,0x030a6faf06108eaab834181b8edaf6d1e4b3007f,0x26581d1983ced8955c170eb4d3222dcd3845a092,50000000000000
0x030a6faf06108eaab834181b8edaf6d1e4b3007f,0xcbda17f6edc35895c2afbc0818613db3e7822b0a401fcfb948c17e165c6b89e6,1521676167,8884,0x030a6faf06108eaab834181b8edaf6d1e4b3007f,0xc84c18a88789dba5b0ca9c13973435bbce7e961d,1900000000000000
0x030a6faf06108eaab834181b8edaf6d1e4b3007f,0x47c9601ba535773fcaff8929b528895febb023fb0c73f0072f6c9aa7b3eeba5e,1529560521,9465,0x030a6faf06108eaab834181b8edaf6d1e4b3007f,0x522273122b20212fe255875a4737b6f50cc72006,7695000000000000
0x030a6faf06108eaab834181b8edaf6d1e4b3007f,0x47c9601ba535773fcaff8929b528895febb023fb0c73f0072f6c9aa7b3eeba5e,1529560521,10085,0x030a6faf06108eaab834181b8edaf6d1e4b3007f,0x20c945800de43394f70d789874a4dac9cfa57451,1000000000000000
0x030a6faf06108eaab834181b8edaf6d1e4b3007f,0x122e083e7c284f0effb579c747014b7617a7e17323de21423ae92a8f83a1d0bd,1529560589,10481,0x030a6faf06108eaab834181b8edaf6d1e4b3007f,0x26581d1983ced8955c170eb4d3222dcd3845a092,25000000000000
0x030a6faf06108eaab834181b8edaf6d1e4b3007f,0x122e083e7c284f0effb579c747014b7617a7e17323de21423ae92a8f83a1d0bd,1529560589,10524,0x030a6faf06108eaab834181b8edaf6d1e4b3007f,0x26581d1983ced8955c170eb4d3222dcd3845a092,25000000000000
0x030a6faf06108eaab834181b8edaf6d1e4b3007f,0xeb142d8eb79de446af86025fe9e7856ef51d1c72a1c39aba083f68c1c9be8c9c,1533183132,11225,0x030a6faf06108eaab834181b8edaf6d1e4b3007f,0x8f7fb8d0a3b1550c72efc65a3ebc2ce805ad97c9,1624500000000000
0x030a6faf06108eaab834181b8edaf6d1e4b3007f,0xeb142d8eb79de446af86025fe9e7856ef51d1c72a1c39aba083f68c1c9be8c9c,1533183132,11845,0x030a6faf06108eaab834181b8edaf6d1e4b3007f,0xe0ea6714faa91b8396c14153e6958f55f2485e87,1000000000000000
0x33dcb440beb0c640fa75ac297bc2e048e6853844,0xe9307f7b66ca2f9aa52f572dfa7890b3620271ffb4227f9958e1f30c3f1df5fe,1539302905,741,0x33dcb440beb0c640fa75ac297bc2e048e6853844,0xba209a9533feafa3c53bc117faf3561b5ab6b6f2,1100000000012100
0x33dcb440beb0c640fa75ac297bc2e048e6853844,0x24205d421e1e0540fb97a23b54fdde29ee29fa0579453c93833dc7d41cb069b3,1539302442,4601,0x33dcb440beb0c640fa75ac297bc2e048e6853844,0xba209a9533feafa3c53bc117faf3561b5ab6b6f2,80000000000010000
0x33dcb440beb0c640fa75ac297bc2e048e6853844,0x0571ae73d0812fc0756451ba92b6c13b965caef4d4aa1b8d4a23ae839ba9d86f,1539302442,8461,0x33dcb440beb0c640fa75ac297bc2e048e6853844,0xba209a9533feafa3c53bc117faf3561b5ab6b6f2,20000000000010000
0x33dcb440beb0c640fa75ac297bc2e048e6853844,0x64239889ee7b14884df007e792f54e0aba134b5bb0c69e7aaeda787764a214c5,1539302442,12321,0x33dcb440beb0c640fa75ac297bc2e048e6853844,0xba209a9533feafa3c53bc117faf3561b5ab6b6f2,10000000000010000
0x33dcb440beb0c640fa75ac297bc2e048e6853844,0x18956856e9fa513a3576c5da8695d0bfa2e35832c39566f5d95392fae60193c4,1539302486,16181,0x33dcb440beb0c640fa75ac297bc2e048e6853844,0xba209a9533feafa3c53bc117faf3561b5ab6b6f2,30000000000010000
0x33dcb440beb0c640fa75ac297bc2e048e6853844,0x37f0a2d650ca1538dc1b0842e347df622d0258b1455e9a1b62f4515526a3d86e,1539302499,20041,0x33dcb440beb0c640fa75ac297bc2e048e6853844,0xba209a9533feafa3c53bc117faf3561b5ab6b6f2,200000000000010000
0x33dcb440beb0c640fa75ac297bc2e048e6853844,0x757c9a575acb4dc9bf31d3e0fc86cb708537d218726fbac83cb89b6cfeafc44e,1539302528,24086,0x33dcb440beb0c640fa75ac297bc2e048e6853844,0xba209a9533feafa3c53bc117faf3561b5ab6b6f2,150000000000010000
0x33dcb440beb0c640fa75ac297bc2e048e6853844,0x4daead231d0516769bf449470a2c8c48ef9f865e86ac1024da9c07af6649074d,1539302532,27946,0x33dcb440beb0c640fa75ac297bc2e048e6853844,0xba209a9533feafa3c53bc117faf3561b5ab6b6f2,100000000000010000
0x33dcb440beb0c640fa75ac297bc2e048e6853844,0x6ce3ca185bac458616dc9b4265357c8cae8c387a010dbcd87dc21e9f71e78f9f,1539302547,31806,0x33dcb440beb0c640fa75ac297bc2e048e6853844,0xba209a9533feafa3c53bc117faf3561b5ab6b6f2,90000000000010000
0x33dcb440beb0c640fa75ac297bc2e048e6853844,0x78049f27d4fcc3d1a1942db6d6da53c4f172850a9695d5ab75efb89a7d7e6dd1,1539302582,35666,0x33dcb440beb0c640fa75ac297bc2e048e6853844,0xba209a9533feafa3c53bc117faf3561b5ab6b6f2,8000000000011000
0x33dcb440beb0c640fa75ac297bc2e048e6853844,0xb128a7df970c24402e7f846c41b6047d8a926447bb4cc5a98a6bc04e1a2161f7,1539302604,39896,0x33dcb440beb0c640fa75ac297bc2e048e6853844,0xba209a9533feafa3c53bc117faf3561b5ab6b6f2,1000000000011000
0x33dcb440beb0c640fa75ac297bc2e048e6853844,0x4a4be820d1887893a065e8bfb8e099c181cd38e55d9a2f1ac09fb2ecca49b97e,1539307113,44866,0x33dcb440beb0c640fa75ac297bc2e048e6853844,0xba209a9533feafa3c53bc117faf3561b5ab6b6f2,1210000000013310
0x2157a7894439191e520825fe9399ab8655e0f708,0xabf442ff2db497e31a5abe332ba6e0f0a49a3b0af3360d1f768fec514cb49969,1550042593,1660,0x2157a7894439191e520825fe9399ab8655e0f708,0x84f84667dcd56091f289466a7dc0e2620b562e24,42140226271551612
0x84f84667dcd56091f289466a7dc0e2620b562e24,0xabf442ff2db497e31a5abe332ba6e0f0a49a3b0af3360d1f768fec514cb49969,1550042593,2232,0x84f84667dcd56091f289466a7dc0e2620b562e24,0xfdb0065240753fef4880a9cc7876be59e09d78bb,42140226271551612
0x84f84667dcd56091f289466a7dc0e2620b562e24,0xcae3a08789dedae963b41797a92201538862b286d0d927da3a83320d20739827,1562159583,5019,0x84f84667dcd56091f289466a7dc0e2620b562e24,0x84f84667dcd56091f289466a7dc0e2620b562e24,39469156718008
0x84f84667dcd56091f289466a7dc0e2620b562e24,0xcae3a08789dedae963b41797a92201538862b286d0d927da3a83320d20739827,1562159583,5570,0x84f84667dcd56091f289466a7dc0e2620b562e24,0xfdb0065240753fef4880a9cc7876be59e09d78bb,39469156718008
0x84f84667dcd56091f289466a7dc0e2620b562e24,0x4c99757bea1f2af46dca1092eda3422005b8e00e3db9268c62ea2678744fd58a,1563268086,8346,0x84f84667dcd56091f289466a7dc0e2620b562e24,0x84f84667dcd56091f289466a7dc0e2620b562e24,103336950702475
0x84f84667dcd56091f289466a7dc0e2620b562e24,0x4c99757bea1f2af46dca1092eda3422005b8e00e3db9268c62ea2678744fd58a,1563268086,8788,0x84f84667dcd56091f289466a7dc0e2620b562e24,0xfdb0065240753fef4880a9cc7876be59e09d78bb,103336950702475
0x84f84667dcd56091f289466a7dc0e2620b562e24,0x96a61cf938d59ad94f382fbd78dac055d08dc2b3f66ffa01d4792be11bf01acd,1563271783,11564,0x84f84667dcd56091f289466a7dc0e2620b562e24,0x84f84667dcd56091f289466a7dc0e2620b562e24,1033368198877788
0x84f84667dcd56091f289466a7dc0e2620b562e24,0x96a61cf938d59ad94f382fbd78dac055d08dc2b3f66ffa01d4792be11bf01acd,1563271783,12006,0x84f84667dcd56091f289466a7dc0e2620b562e24,0xfdb0065240753fef4880a9cc7876be59e09d78bb,1033368198877788
0x84f84667dcd56091f289466a7dc0e2620b562e24,0x13137d5402fa867bf7bd0710feb055f253287904133c610d8cd52df1e85c8f04,1563345133,14782,0x84f84667dcd56091f289466a7dc0e2620b562e24,0x84f84667dcd56091f289466a7dc0e2620b562e24,1036744337750198
0x84f84667dcd56091f289466a7dc0e2620b562e24,0x13137d5402fa867bf7bd0710feb055f253287904133c610d8cd52df1e85c8f04,1563345133,15224,0x84f84667dcd56091f289466a7dc0e2620b562e24,0xfdb0065240753fef4880a9cc7876be59e09d78bb,1036744337750198
0x84f84667dcd56091f289466a7dc0e2620b562e24,0x41e229316fea128b8152c6a9a983bc69b1dad11d1868c2588ea035c3dfc489ad,1563352664,18000,0x84f84667dcd56091f289466a7dc0e2620b562e24,0x84f84667dcd56091f289466a7dc0e2620b562e24,1030420901145730
0x84f84667dcd56091f289466a7dc0e2620b562e24,0x41e229316fea128b8152c6a9a983bc69b1dad11d1868c2588ea035c3dfc489ad,1563352664,18442,0x84f84667dcd56091f289466a7dc0e2620b562e24,0xfdb0065240753fef4880a9cc7876be59e09d78bb,1030420901145730
0x84f84667dcd56091f289466a7dc0e2620b562e24,0x3b8087012f2fd37e98281100d405236caaf4a5082de1b1c9a38ca84bea6422df,1563700873,21273,0x84f84667dcd56091f289466a7dc0e2620b562e24,0x84f84667dcd56091f289466a7dc0e2620b562e24,219257735747
0x84f84667dcd56091f289466a7dc0e2620b562e24,0x3b8087012f2fd37e98281100d405236caaf4a5082de1b1c9a38ca84bea6422df,1563700873,21845,0x84f84667dcd56091f289466a7dc0e2620b562e24,0xfdb0065240753fef4880a9cc7876be59e09d78bb,219257735747
0x0e7ef4c489ec2a5d3181231fee8ee3effc343d75,0x87ff8d94248af3fb73963ecb079f752ce512acbf70cf0fea2f85e263626a6900,1558536981,1562,0x0e7ef4c489ec2a5d3181231fee8ee3effc343d75,0x06bf72b35a8521d5ed0b4cf43f769e4542755af1,99945000000000000
0x448f4daeb009293e2cfc778479925eb19c5d86d1,0xeb7f52d707d608e8c48b1381b994202e21ee4bd755ebe064ad4d118583ed998b,1567529102,1562,0x448f4daeb009293e2cfc778479925eb19c5d86d1,0x4adeb3a1b42d06c0fbb6e8ed2c4bbeecef408071,99945000000000000
0xc11167887bbffed3495c0642f2c838dcd12bbb4f,0x5acaf344798b63a3a932ebfa41dc7659b35b417fafadcf89f3458f9aa05e70a7,1568292333,1562,0xc11167887bbffed3495c0642f2c838dcd12bbb4f,0x6e36c2a0aa630932762e25e4ef2999471a2169b1,99945000000000000
0x97e34f18e7188778bdd22b1e1f740c06b1ad5062,0x1cd908e880181b104985c9908e6a824abd76ca9a7883a8b6383844026af2cfcf,1517935459,558,0x97e34f18e7188778bdd22b1e1f740c06b1ad5062,0xc54100fc034d412c21ba92ccf2d916374ac22555,18333333333333332
0xa651c4d689eac3a740cb83c090a72a48dd8764bb,0x3a6201bd3417f2f47a17b1df7764f125bb94cc629ff7a2ea265517db6c533afd,1562201996,18094,0xa651c4d689eac3a740cb83c090a72a48dd8764bb,0xa651c4d689eac3a740cb83c090a72a48dd8764bb,1250000000000000000
0xa651c4d689eac3a740cb83c090a72a48dd8764bb,0x47a742fb00647b73f9bb12f7e32ecdbc2c0f2659789b60d74bf113fe885641a7,1562618795,20937,0xa651c4d689eac3a740cb83c090a72a48dd8764bb,0xa651c4d689eac3a740cb83c090a72a48dd8764bb,10100000000000000000
0xa651c4d689eac3a740cb83c090a72a48dd8764bb,0x54b228569ce56c73821e8457443e228a0bc5754d42a812331f99b68e29a63634,1562861318,31726,0xa651c4d689eac3a740cb83c090a72a48dd8764bb,0xa651c4d689eac3a740cb83c090a72a48dd8764bb,10373539232053422000
0x5b9e8728e316bbeb692d22daaab74f6cbf2c4691,0x48a15b2d216a18502506d604bbaeffa7dcfccb0effaa6693ad838351f8b8f2ec,1526143646,1888,0x5b9e8728e316bbeb692d22daaab74f6cbf2c4691,0xa743d7c4f9fdf00bc8dd123c4eb8996bc71a02eb,20030000000000000000
0xc3e349db4a96825581eaa09d20bf5606b1dfee1b,0xb73036184b1c1ddae17ff234b63412e707335349c93f9700aa3873a53f2e15f0,1568031940,1562,0xc3e349db4a96825581eaa09d20bf5606b1dfee1b,0xf03f258921e7c82d8a2b51ec658d696c9e7694d1,99900000000000000
