0xce5b23f11c486be7f8be4fac3b4ee6372d7ee91e,0x1a1075a5c809ed981a26199913039dc209dbe2ba0fff48d2a3a4ff2170ee3c32,1580501042,2536,0xce5b23f11c486be7f8be4fac3b4ee6372d7ee91e,0xf95c832ab5ac20000c915e851d0e4038716d580e,10000000000000000
0xce5b23f11c486be7f8be4fac3b4ee6372d7ee91e,0x1a1075a5c809ed981a26199913039dc209dbe2ba0fff48d2a3a4ff2170ee3c32,1580501042,4987,0xce5b23f11c486be7f8be4fac3b4ee6372d7ee91e,0xf95c832ab5ac20000c915e851d0e4038716d580e,10000000000000000
0xce5b23f11c486be7f8be4fac3b4ee6372d7ee91e,0x625a5e65384846ce7a50f9f9d8ca4c019ebef190f43d69c965dbac07f6f57001,1580501124,7614,0xce5b23f11c486be7f8be4fac3b4ee6372d7ee91e,0xf95c832ab5ac20000c915e851d0e4038716d580e,10000000000000000
0xce5b23f11c486be7f8be4fac3b4ee6372d7ee91e,0x625a5e65384846ce7a50f9f9d8ca4c019ebef190f43d69c965dbac07f6f57001,1580501124,10065,0xce5b23f11c486be7f8be4fac3b4ee6372d7ee91e,0xf95c832ab5ac20000c915e851d0e4038716d580e,10000000000000000
0xce5b23f11c486be7f8be4fac3b4ee6372d7ee91e,0x625a5e65384846ce7a50f9f9d8ca4c019ebef190f43d69c965dbac07f6f57001,1580501124,12516,0xce5b23f11c486be7f8be4fac3b4ee6372d7ee91e,0xf95c832ab5ac20000c915e851d0e4038716d580e,10000000000000000
0xce5b23f11c486be7f8be4fac3b4ee6372d7ee91e,0x625a5e65384846ce7a50f9f9d8ca4c019ebef190f43d69c965dbac07f6f57001,1580501124,14967,0xce5b23f11c486be7f8be4fac3b4ee6372d7ee91e,0xf95c832ab5ac20000c915e851d0e4038716d580e,10000000000000000
0xce5b23f11c486be7f8be4fac3b4ee6372d7ee91e,0x625a5e65384846ce7a50f9f9d8ca4c019ebef190f43d69c965dbac07f6f57001,1580501124,17418,0xce5b23f11c486be7f8be4fac3b4ee6372d7ee91e,0xf95c832ab5ac20000c915e851d0e4038716d580e,10000000000000000
0xce5b23f11c486be7f8be4fac3b4ee6372d7ee91e,0x625a5e65384846ce7a50f9f9d8ca4c019ebef190f43d69c965dbac07f6f57001,1580501124,19869,0xce5b23f11c486be7f8be4fac3b4ee6372d7ee91e,0xf95c832ab5ac20000c915e851d0e4038716d580e,10000000000000000
0xce5b23f11c486be7f8be4fac3b4ee6372d7ee91e,0x625a5e65384846ce7a50f9f9d8ca4c019ebef190f43d69c965dbac07f6f57001,1580501124,22320,0xce5b23f11c486be7f8be4fac3b4ee6372d7ee91e,0xf95c832ab5ac20000c915e851d0e4038716d580e,10000000000000000
0xce5b23f11c486be7f8be4fac3b4ee6372d7ee91e,0x625a5e65384846ce7a50f9f9d8ca4c019ebef190f43d69c965dbac07f6f57001,1580501124,24771,0xce5b23f11c486be7f8be4fac3b4ee6372d7ee91e,0xf95c832ab5ac20000c915e851d0e4038716d580e,10000000000000000
0xce5b23f11c486be7f8be4fac3b4ee6372d7ee91e,0x625a5e65384846ce7a50f9f9d8ca4c019ebef190f43d69c965dbac07f6f57001,1580501124,27222,0xce5b23f11c486be7f8be4fac3b4ee6372d7ee91e,0xf95c832ab5ac20000c915e851d0e4038716d580e,10000000000000000
0xce5b23f11c486be7f8be4fac3b4ee6372d7ee91e,0x625a5e65384846ce7a50f9f9d8ca4c019ebef190f43d69c965dbac07f6f57001,1580501124,29673,0xce5b23f11c486be7f8be4fac3b4ee6372d7ee91e,0xf95c832ab5ac20000c915e851d0e4038716d580e,10000000000000000
0xce5b23f11c486be7f8be4fac3b4ee6372d7ee91e,0x625a5e65384846ce7a50f9f9d8ca4c019ebef190f43d69c965dbac07f6f57001,1580501124,32124,0xce5b23f11c486be7f8be4fac3b4ee6372d7ee91e,0xf95c832ab5ac20000c915e851d0e4038716d580e,10000000000000000
0xce5b23f11c486be7f8be4fac3b4ee6372d7ee91e,0x625a5e65384846ce7a50f9f9d8ca4c019ebef190f43d69c965dbac07f6f57001,1580501124,34575,0xce5b23f11c486be7f8be4fac3b4ee6372d7ee91e,0xf95c832ab5ac20000c915e851d0e4038716d580e,10000000000000000
0xce5b23f11c486be7f8be4fac3b4ee6372d7ee91e,0x625a5e65384846ce7a50f9f9d8ca4c019ebef190f43d69c965dbac07f6f57001,1580501124,37026,0xce5b23f11c486be7f8be4fac3b4ee6372d7ee91e,0xf95c832ab5ac20000c915e851d0e4038716d580e,10000000000000000
0xce5b23f11c486be7f8be4fac3b4ee6372d7ee91e,0x625a5e65384846ce7a50f9f9d8ca4c019ebef190f43d69c965dbac07f6f57001,1580501124,39477,0xce5b23f11c486be7f8be4fac3b4ee6372d7ee91e,0xf95c832ab5ac20000c915e851d0e4038716d580e,10000000000000000
0xce5b23f11c486be7f8be4fac3b4ee6372d7ee91e,0x625a5e65384846ce7a50f9f9d8ca4c019ebef190f43d69c965dbac07f6f57001,1580501124,41928,0xce5b23f11c486be7f8be4fac3b4ee6372d7ee91e,0xf95c832ab5ac20000c915e851d0e4038716d580e,10000000000000000
0xce5b23f11c486be7f8be4fac3b4ee6372d7ee91e,0x625a5e65384846ce7a50f9f9d8ca4c019ebef190f43d69c965dbac07f6f57001,1580501124,44379,0xce5b23f11c486be7f8be4fac3b4ee6372d7ee91e,0xf95c832ab5ac20000c915e851d0e4038716d580e,10000000000000000
0xce5b23f11c486be7f8be4fac3b4ee6372d7ee91e,0x625a5e65384846ce7a50f9f9d8ca4c019ebef190f43d69c965dbac07f6f57001,1580501124,46830,0xce5b23f11c486be7f8be4fac3b4ee6372d7ee91e,0xf95c832ab5ac20000c915e851d0e4038716d580e,10000000000000000
0xce5b23f11c486be7f8be4fac3b4ee6372d7ee91e,0x625a5e65384846ce7a50f9f9d8ca4c019ebef190f43d69c965dbac07f6f57001,1580501124,49281,0xce5b23f11c486be7f8be4fac3b4ee6372d7ee91e,0xf95c832ab5ac20000c915e851d0e4038716d580e,10000000000000000
0xce5b23f11c486be7f8be4fac3b4ee6372d7ee91e,0x625a5e65384846ce7a50f9f9d8ca4c019ebef190f43d69c965dbac07f6f57001,1580501124,51732,0xce5b23f11c486be7f8be4fac3b4ee6372d7ee91e,0xf95c832ab5ac20000c915e851d0e4038716d580e,10000000000000000
0xce5b23f11c486be7f8be4fac3b4ee6372d7ee91e,0x625a5e65384846ce7a50f9f9d8ca4c019ebef190f43d69c965dbac07f6f57001,1580501124,54183,0xce5b23f11c486be7f8be4fac3b4ee6372d7ee91e,0xf95c832ab5ac20000c915e851d0e4038716d580e,10000000000000000
0xce5b23f11c486be7f8be4fac3b4ee6372d7ee91e,0x625a5e65384846ce7a50f9f9d8ca4c019ebef190f43d69c965dbac07f6f57001,1580501124,56634,0xce5b23f11c486be7f8be4fac3b4ee6372d7ee91e,0xf95c832ab5ac20000c915e851d0e4038716d580e,10000000000000000
0xce5b23f11c486be7f8be4fac3b4ee6372d7ee91e,0xcdebc165a3faebbc76a1b41fdec5b4b0b08550125f89fc914069a2b7b8770380,1580501138,59261,0xce5b23f11c486be7f8be4fac3b4ee6372d7ee91e,0xf95c832ab5ac20000c915e851d0e4038716d580e,10000000000000000
0xce5b23f11c486be7f8be4fac3b4ee6372d7ee91e,0xcdebc165a3faebbc76a1b41fdec5b4b0b08550125f89fc914069a2b7b8770380,1580501138,61712,0xce5b23f11c486be7f8be4fac3b4ee6372d7ee91e,0xf95c832ab5ac20000c915e851d0e4038716d580e,10000000000000000
0xce5b23f11c486be7f8be4fac3b4ee6372d7ee91e,0xcdebc165a3faebbc76a1b41fdec5b4b0b08550125f89fc914069a2b7b8770380,1580501138,64163,0xce5b23f11c486be7f8be4fac3b4ee6372d7ee91e,0xf95c832ab5ac20000c915e851d0e4038716d580e,10000000000000000
0xce5b23f11c486be7f8be4fac3b4ee6372d7ee91e,0xcdebc165a3faebbc76a1b41fdec5b4b0b08550125f89fc914069a2b7b8770380,1580501138,66614,0xce5b23f11c486be7f8be4fac3b4ee6372d7ee91e,0xf95c832ab5ac20000c915e851d0e4038716d580e,10000000000000000
0xce5b23f11c486be7f8be4fac3b4ee6372d7ee91e,0xcdebc165a3faebbc76a1b41fdec5b4b0b08550125f89fc914069a2b7b8770380,1580501138,69065,0xce5b23f11c486be7f8be4fac3b4ee6372d7ee91e,0xf95c832ab5ac20000c915e851d0e4038716d580e,10000000000000000
0xce5b23f11c486be7f8be4fac3b4ee6372d7ee91e,0xcdebc165a3faebbc76a1b41fdec5b4b0b08550125f89fc914069a2b7b8770380,1580501138,71516,0xce5b23f11c486be7f8be4fac3b4ee6372d7ee91e,0xf95c832ab5ac20000c915e851d0e4038716d580e,10000000000000000
0xce5b23f11c486be7f8be4fac3b4ee6372d7ee91e,0xcdebc165a3faebbc76a1b41fdec5b4b0b08550125f89fc914069a2b7b8770380,1580501138,73967,0xce5b23f11c486be7f8be4fac3b4ee6372d7ee91e,0xf95c832ab5ac20000c915e851d0e4038716d580e,10000000000000000
0xce5b23f11c486be7f8be4fac3b4ee6372d7ee91e,0xcdebc165a3faebbc76a1b41fdec5b4b0b08550125f89fc914069a2b7b8770380,1580501138,76418,0xce5b23f11c486be7f8be4fac3b4ee6372d7ee91e,0xf95c832ab5ac20000c915e851d0e4038716d580e,10000000000000000
0xce5b23f11c486be7f8be4fac3b4ee6372d7ee91e,0xcdebc165a3faebbc76a1b41fdec5b4b0b08550125f89fc914069a2b7b8770380,1580501138,78869,0xce5b23f11c486be7f8be4fac3b4ee6372d7ee91e,0xf95c832ab5ac20000c915e851d0e4038716d580e,10000000000000000
0xce5b23f11c486be7f8be4fac3b4ee6372d7ee91e,0xcdebc165a3faebbc76a1b41fdec5b4b0b08550125f89fc914069a2b7b8770380,1580501138,81320,0xce5b23f11c486be7f8be4fac3b4ee6372d7ee91e,0xf95c832ab5ac20000c915e851d0e4038716d580e,10000000000000000
0xce5b23f11c486be7f8be4fac3b4ee6372d7ee91e,0xcdebc165a3faebbc76a1b41fdec5b4b0b08550125f89fc914069a2b7b8770380,1580501138,83771,0xce5b23f11c486be7f8be4fac3b4ee6372d7ee91e,0xf95c832ab5ac20000c915e851d0e4038716d580e,10000000000000000
0xce5b23f11c486be7f8be4fac3b4ee6372d7ee91e,0xcdebc165a3faebbc76a1b41fdec5b4b0b08550125f89fc914069a2b7b8770380,1580501138,86222,0xce5b23f11c486be7f8be4fac3b4ee6372d7ee91e,0xf95c832ab5ac20000c915e851d0e4038716d580e,10000000000000000
0xce5b23f11c486be7f8be4fac3b4ee6372d7ee91e,0xcdebc165a3faebbc76a1b41fdec5b4b0b08550125f89fc914069a2b7b8770380,1580501138,88673,0xce5b23f11c486be7f8be4fac3b4ee6372d7ee91e,0xf95c832ab5ac20000c915e851d0e4038716d580e,10000000000000000
0xce5b23f11c486be7f8be4fac3b4ee6372d7ee91e,0xcdebc165a3faebbc76a1b41fdec5b4b0b08550125f89fc914069a2b7b8770380,1580501138,91124,0xce5b23f11c486be7f8be4fac3b4ee6372d7ee91e,0xf95c832ab5ac20000c915e851d0e4038716d580e,10000000000000000
0xce5b23f11c486be7f8be4fac3b4ee6372d7ee91e,0xcdebc165a3faebbc76a1b41fdec5b4b0b08550125f89fc914069a2b7b8770380,1580501138,93575,0xce5b23f11c486be7f8be4fac3b4ee6372d7ee91e,0xf95c832ab5ac20000c915e851d0e4038716d580e,10000000000000000
0xce5b23f11c486be7f8be4fac3b4ee6372d7ee91e,0xcdebc165a3faebbc76a1b41fdec5b4b0b08550125f89fc914069a2b7b8770380,1580501138,96026,0xce5b23f11c486be7f8be4fac3b4ee6372d7ee91e,0xf95c832ab5ac20000c915e851d0e4038716d580e,10000000000000000
0xce5b23f11c486be7f8be4fac3b4ee6372d7ee91e,0xcdebc165a3faebbc76a1b41fdec5b4b0b08550125f89fc914069a2b7b8770380,1580501138,98477,0xce5b23f11c486be7f8be4fac3b4ee6372d7ee91e,0xf95c832ab5ac20000c915e851d0e4038716d580e,10000000000000000
0xce5b23f11c486be7f8be4fac3b4ee6372d7ee91e,0xcdebc165a3faebbc76a1b41fdec5b4b0b08550125f89fc914069a2b7b8770380,1580501138,100928,0xce5b23f11c486be7f8be4fac3b4ee6372d7ee91e,0xf95c832ab5ac20000c915e851d0e4038716d580e,10000000000000000
0xce5b23f11c486be7f8be4fac3b4ee6372d7ee91e,0xcdebc165a3faebbc76a1b41fdec5b4b0b08550125f89fc914069a2b7b8770380,1580501138,103379,0xce5b23f11c486be7f8be4fac3b4ee6372d7ee91e,0xf95c832ab5ac20000c915e851d0e4038716d580e,10000000000000000
0xce5b23f11c486be7f8be4fac3b4ee6372d7ee91e,0xcdebc165a3faebbc76a1b41fdec5b4b0b08550125f89fc914069a2b7b8770380,1580501138,105830,0xce5b23f11c486be7f8be4fac3b4ee6372d7ee91e,0xf95c832ab5ac20000c915e851d0e4038716d580e,10000000000000000
0xce5b23f11c486be7f8be4fac3b4ee6372d7ee91e,0xcdebc165a3faebbc76a1b41fdec5b4b0b08550125f89fc914069a2b7b8770380,1580501138,108281,0xce5b23f11c486be7f8be4fac3b4ee6372d7ee91e,0xf95c832ab5ac20000c915e851d0e4038716d580e,10000000000000000
0xce5b23f11c486be7f8be4fac3b4ee6372d7ee91e,0xcdebc165a3faebbc76a1b41fdec5b4b0b08550125f89fc914069a2b7b8770380,1580501138,110732,0xce5b23f11c486be7f8be4fac3b4ee6372d7ee91e,0xf95c832ab5ac20000c915e851d0e4038716d580e,10000000000000000
0xce5b23f11c486be7f8be4fac3b4ee6372d7ee91e,0xcdebc165a3faebbc76a1b41fdec5b4b0b08550125f89fc914069a2b7b8770380,1580501138,113183,0xce5b23f11c486be7f8be4fac3b4ee6372d7ee91e,0xf95c832ab5ac20000c915e851d0e4038716d580e,10000000000000000
0xce5b23f11c486be7f8be4fac3b4ee6372d7ee91e,0xcdebc165a3faebbc76a1b41fdec5b4b0b08550125f89fc914069a2b7b8770380,1580501138,115634,0xce5b23f11c486be7f8be4fac3b4ee6372d7ee91e,0xf95c832ab5ac20000c915e851d0e4038716d580e,10000000000000000
0xce5b23f11c486be7f8be4fac3b4ee6372d7ee91e,0xcdebc165a3faebbc76a1b41fdec5b4b0b08550125f89fc914069a2b7b8770380,1580501138,118085,0xce5b23f11c486be7f8be4fac3b4ee6372d7ee91e,0xf95c832ab5ac20000c915e851d0e4038716d580e,10000000000000000
0xce5b23f11c486be7f8be4fac3b4ee6372d7ee91e,0xcdebc165a3faebbc76a1b41fdec5b4b0b08550125f89fc914069a2b7b8770380,1580501138,120536,0xce5b23f11c486be7f8be4fac3b4ee6372d7ee91e,0xf95c832ab5ac20000c915e851d0e4038716d580e,10000000000000000
0xce5b23f11c486be7f8be4fac3b4ee6372d7ee91e,0xcdebc165a3faebbc76a1b41fdec5b4b0b08550125f89fc914069a2b7b8770380,1580501138,122987,0xce5b23f11c486be7f8be4fac3b4ee6372d7ee91e,0xf95c832ab5ac20000c915e851d0e4038716d580e,10000000000000000
0xf95c832ab5ac20000c915e851d0e4038716d580e,0x566eab57e9aaec67c5bf0ea866e101cd80da602d162c2da6a36df4ae588e31ff,1580501152,125614,0xf95c832ab5ac20000c915e851d0e4038716d580e,0xf95c832ab5ac20000c915e851d0e4038716d580e,10000000000000000
0xf95c832ab5ac20000c915e851d0e4038716d580e,0x566eab57e9aaec67c5bf0ea866e101cd80da602d162c2da6a36df4ae588e31ff,1580501152,128065,0xf95c832ab5ac20000c915e851d0e4038716d580e,0xf95c832ab5ac20000c915e851d0e4038716d580e,10000000000000000
0xf95c832ab5ac20000c915e851d0e4038716d580e,0x566eab57e9aaec67c5bf0ea866e101cd80da602d162c2da6a36df4ae588e31ff,1580501152,130516,0xf95c832ab5ac20000c915e851d0e4038716d580e,0xf95c832ab5ac20000c915e851d0e4038716d580e,10000000000000000
0xf95c832ab5ac20000c915e851d0e4038716d580e,0x566eab57e9aaec67c5bf0ea866e101cd80da602d162c2da6a36df4ae588e31ff,1580501152,132967,0xf95c832ab5ac20000c915e851d0e4038716d580e,0xf95c832ab5ac20000c915e851d0e4038716d580e,10000000000000000
0xf95c832ab5ac20000c915e851d0e4038716d580e,0x566eab57e9aaec67c5bf0ea866e101cd80da602d162c2da6a36df4ae588e31ff,1580501152,135418,0xf95c832ab5ac20000c915e851d0e4038716d580e,0xf95c832ab5ac20000c915e851d0e4038716d580e,10000000000000000
0xf95c832ab5ac20000c915e851d0e4038716d580e,0x566eab57e9aaec67c5bf0ea866e101cd80da602d162c2da6a36df4ae588e31ff,1580501152,137869,0xf95c832ab5ac20000c915e851d0e4038716d580e,0xf95c832ab5ac20000c915e851d0e4038716d580e,10000000000000000
0xf95c832ab5ac20000c915e851d0e4038716d580e,0x566eab57e9aaec67c5bf0ea866e101cd80da602d162c2da6a36df4ae588e31ff,1580501152,140320,0xf95c832ab5ac20000c915e851d0e4038716d580e,0xf95c832ab5ac20000c915e851d0e4038716d580e,10000000000000000
0xf95c832ab5ac20000c915e851d0e4038716d580e,0x566eab57e9aaec67c5bf0ea866e101cd80da602d162c2da6a36df4ae588e31ff,1580501152,142771,0xf95c832ab5ac20000c915e851d0e4038716d580e,0xf95c832ab5ac20000c915e851d0e4038716d580e,10000000000000000
0xf95c832ab5ac20000c915e851d0e4038716d580e,0x566eab57e9aaec67c5bf0ea866e101cd80da602d162c2da6a36df4ae588e31ff,1580501152,145222,0xf95c832ab5ac20000c915e851d0e4038716d580e,0xf95c832ab5ac20000c915e851d0e4038716d580e,10000000000000000
0xf95c832ab5ac20000c915e851d0e4038716d580e,0x566eab57e9aaec67c5bf0ea866e101cd80da602d162c2da6a36df4ae588e31ff,1580501152,147673,0xf95c832ab5ac20000c915e851d0e4038716d580e,0xf95c832ab5ac20000c915e851d0e4038716d580e,10000000000000000
0xf95c832ab5ac20000c915e851d0e4038716d580e,0x566eab57e9aaec67c5bf0ea866e101cd80da602d162c2da6a36df4ae588e31ff,1580501152,150124,0xf95c832ab5ac20000c915e851d0e4038716d580e,0xf95c832ab5ac20000c915e851d0e4038716d580e,10000000000000000
0xf95c832ab5ac20000c915e851d0e4038716d580e,0x566eab57e9aaec67c5bf0ea866e101cd80da602d162c2da6a36df4ae588e31ff,1580501152,152575,0xf95c832ab5ac20000c915e851d0e4038716d580e,0xf95c832ab5ac20000c915e851d0e4038716d580e,10000000000000000
0xf95c832ab5ac20000c915e851d0e4038716d580e,0x566eab57e9aaec67c5bf0ea866e101cd80da602d162c2da6a36df4ae588e31ff,1580501152,155026,0xf95c832ab5ac20000c915e851d0e4038716d580e,0xf95c832ab5ac20000c915e851d0e4038716d580e,10000000000000000
0xf95c832ab5ac20000c915e851d0e4038716d580e,0x566eab57e9aaec67c5bf0ea866e101cd80da602d162c2da6a36df4ae588e31ff,1580501152,157477,0xf95c832ab5ac20000c915e851d0e4038716d580e,0xf95c832ab5ac20000c915e851d0e4038716d580e,10000000000000000
0xf95c832ab5ac20000c915e851d0e4038716d580e,0x566eab57e9aaec67c5bf0ea866e101cd80da602d162c2da6a36df4ae588e31ff,1580501152,159928,0xf95c832ab5ac20000c915e851d0e4038716d580e,0xf95c832ab5ac20000c915e851d0e4038716d580e,10000000000000000
0xf95c832ab5ac20000c915e851d0e4038716d580e,0x566eab57e9aaec67c5bf0ea866e101cd80da602d162c2da6a36df4ae588e31ff,1580501152,162379,0xf95c832ab5ac20000c915e851d0e4038716d580e,0xf95c832ab5ac20000c915e851d0e4038716d580e,10000000000000000
0xf95c832ab5ac20000c915e851d0e4038716d580e,0x566eab57e9aaec67c5bf0ea866e101cd80da602d162c2da6a36df4ae588e31ff,1580501152,164830,0xf95c832ab5ac20000c915e851d0e4038716d580e,0xf95c832ab5ac20000c915e851d0e4038716d580e,10000000000000000
0xf95c832ab5ac20000c915e851d0e4038716d580e,0x566eab57e9aaec67c5bf0ea866e101cd80da602d162c2da6a36df4ae588e31ff,1580501152,167281,0xf95c832ab5ac20000c915e851d0e4038716d580e,0xf95c832ab5ac20000c915e851d0e4038716d580e,10000000000000000
0xf95c832ab5ac20000c915e851d0e4038716d580e,0x566eab57e9aaec67c5bf0ea866e101cd80da602d162c2da6a36df4ae588e31ff,1580501152,169732,0xf95c832ab5ac20000c915e851d0e4038716d580e,0xf95c832ab5ac20000c915e851d0e4038716d580e,10000000000000000
0xf95c832ab5ac20000c915e851d0e4038716d580e,0x566eab57e9aaec67c5bf0ea866e101cd80da602d162c2da6a36df4ae588e31ff,1580501152,172183,0xf95c832ab5ac20000c915e851d0e4038716d580e,0xf95c832ab5ac20000c915e851d0e4038716d580e,10000000000000000
0xf95c832ab5ac20000c915e851d0e4038716d580e,0x566eab57e9aaec67c5bf0ea866e101cd80da602d162c2da6a36df4ae588e31ff,1580501152,174634,0xf95c832ab5ac20000c915e851d0e4038716d580e,0xf95c832ab5ac20000c915e851d0e4038716d580e,10000000000000000
0xf95c832ab5ac20000c915e851d0e4038716d580e,0x566eab57e9aaec67c5bf0ea866e101cd80da602d162c2da6a36df4ae588e31ff,1580501152,177085,0xf95c832ab5ac20000c915e851d0e4038716d580e,0xf95c832ab5ac20000c915e851d0e4038716d580e,10000000000000000
0xf95c832ab5ac20000c915e851d0e4038716d580e,0x566eab57e9aaec67c5bf0ea866e101cd80da602d162c2da6a36df4ae588e31ff,1580501152,179536,0xf95c832ab5ac20000c915e851d0e4038716d580e,0xf95c832ab5ac20000c915e851d0e4038716d580e,10000000000000000
0xf95c832ab5ac20000c915e851d0e4038716d580e,0x566eab57e9aaec67c5bf0ea866e101cd80da602d162c2da6a36df4ae588e31ff,1580501152,181987,0xf95c832ab5ac20000c915e851d0e4038716d580e,0xf95c832ab5ac20000c915e851d0e4038716d580e,10000000000000000
0xf95c832ab5ac20000c915e851d0e4038716d580e,0x566eab57e9aaec67c5bf0ea866e101cd80da602d162c2da6a36df4ae588e31ff,1580501152,184438,0xf95c832ab5ac20000c915e851d0e4038716d580e,0xf95c832ab5ac20000c915e851d0e4038716d580e,10000000000000000
0xf95c832ab5ac20000c915e851d0e4038716d580e,0x566eab57e9aaec67c5bf0ea866e101cd80da602d162c2da6a36df4ae588e31ff,1580501152,186889,0xf95c832ab5ac20000c915e851d0e4038716d580e,0xf95c832ab5ac20000c915e851d0e4038716d580e,10000000000000000
0xf95c832ab5ac20000c915e851d0e4038716d580e,0xc5cb37312a1643b2112dd1fd34d7e90f53955214a46e56ff65d1de8b03bb45fc,1580501189,189516,0xf95c832ab5ac20000c915e851d0e4038716d580e,0xf95c832ab5ac20000c915e851d0e4038716d580e,10000000000000000
0xf95c832ab5ac20000c915e851d0e4038716d580e,0xc5cb37312a1643b2112dd1fd34d7e90f53955214a46e56ff65d1de8b03bb45fc,1580501189,191967,0xf95c832ab5ac20000c915e851d0e4038716d580e,0xf95c832ab5ac20000c915e851d0e4038716d580e,10000000000000000
0xf95c832ab5ac20000c915e851d0e4038716d580e,0xc5cb37312a1643b2112dd1fd34d7e90f53955214a46e56ff65d1de8b03bb45fc,1580501189,194418,0xf95c832ab5ac20000c915e851d0e4038716d580e,0xf95c832ab5ac20000c915e851d0e4038716d580e,10000000000000000
0xf95c832ab5ac20000c915e851d0e4038716d580e,0xc5cb37312a1643b2112dd1fd34d7e90f53955214a46e56ff65d1de8b03bb45fc,1580501189,196869,0xf95c832ab5ac20000c915e851d0e4038716d580e,0xf95c832ab5ac20000c915e851d0e4038716d580e,10000000000000000
0xf95c832ab5ac20000c915e851d0e4038716d580e,0xc5cb37312a1643b2112dd1fd34d7e90f53955214a46e56ff65d1de8b03bb45fc,1580501189,199320,0xf95c832ab5ac20000c915e851d0e4038716d580e,0xf95c832ab5ac20000c915e851d0e4038716d580e,10000000000000000
0xf95c832ab5ac20000c915e851d0e4038716d580e,0xc5cb37312a1643b2112dd1fd34d7e90f53955214a46e56ff65d1de8b03bb45fc,1580501189,201771,0xf95c832ab5ac20000c915e851d0e4038716d580e,0xf95c832ab5ac20000c915e851d0e4038716d580e,10000000000000000
0xf95c832ab5ac20000c915e851d0e4038716d580e,0xc5cb37312a1643b2112dd1fd34d7e90f53955214a46e56ff65d1de8b03bb45fc,1580501189,204222,0xf95c832ab5ac20000c915e851d0e4038716d580e,0xf95c832ab5ac20000c915e851d0e4038716d580e,10000000000000000
0xf95c832ab5ac20000c915e851d0e4038716d580e,0xc5cb37312a1643b2112dd1fd34d7e90f53955214a46e56ff65d1de8b03bb45fc,1580501189,206673,0xf95c832ab5ac20000c915e851d0e4038716d580e,0xf95c832ab5ac20000c915e851d0e4038716d580e,10000000000000000
0xf95c832ab5ac20000c915e851d0e4038716d580e,0xc5cb37312a1643b2112dd1fd34d7e90f53955214a46e56ff65d1de8b03bb45fc,1580501189,209124,0xf95c832ab5ac20000c915e851d0e4038716d580e,0xf95c832ab5ac20000c915e851d0e4038716d580e,10000000000000000
0xf95c832ab5ac20000c915e851d0e4038716d580e,0xc5cb37312a1643b2112dd1fd34d7e90f53955214a46e56ff65d1de8b03bb45fc,1580501189,211575,0xf95c832ab5ac20000c915e851d0e4038716d580e,0xf95c832ab5ac20000c915e851d0e4038716d580e,10000000000000000
0xf95c832ab5ac20000c915e851d0e4038716d580e,0xc5cb37312a1643b2112dd1fd34d7e90f53955214a46e56ff65d1de8b03bb45fc,1580501189,214026,0xf95c832ab5ac20000c915e851d0e4038716d580e,0xf95c832ab5ac20000c915e851d0e4038716d580e,10000000000000000
0xf95c832ab5ac20000c915e851d0e4038716d580e,0xc5cb37312a1643b2112dd1fd34d7e90f53955214a46e56ff65d1de8b03bb45fc,1580501189,216477,0xf95c832ab5ac20000c915e851d0e4038716d580e,0xf95c832ab5ac20000c915e851d0e4038716d580e,10000000000000000
0xf95c832ab5ac20000c915e851d0e4038716d580e,0xc5cb37312a1643b2112dd1fd34d7e90f53955214a46e56ff65d1de8b03bb45fc,1580501189,218928,0xf95c832ab5ac20000c915e851d0e4038716d580e,0xf95c832ab5ac20000c915e851d0e4038716d580e,10000000000000000
0xf95c832ab5ac20000c915e851d0e4038716d580e,0xc5cb37312a1643b2112dd1fd34d7e90f53955214a46e56ff65d1de8b03bb45fc,1580501189,221379,0xf95c832ab5ac20000c915e851d0e4038716d580e,0xf95c832ab5ac20000c915e851d0e4038716d580e,10000000000000000
0xf95c832ab5ac20000c915e851d0e4038716d580e,0xc5cb37312a1643b2112dd1fd34d7e90f53955214a46e56ff65d1de8b03bb45fc,1580501189,223830,0xf95c832ab5ac20000c915e851d0e4038716d580e,0xf95c832ab5ac20000c915e851d0e4038716d580e,10000000000000000
0xf95c832ab5ac20000c915e851d0e4038716d580e,0xc5cb37312a1643b2112dd1fd34d7e90f53955214a46e56ff65d1de8b03bb45fc,1580501189,226281,0xf95c832ab5ac20000c915e851d0e4038716d580e,0xf95c832ab5ac20000c915e851d0e4038716d580e,10000000000000000
0xf95c832ab5ac20000c915e851d0e4038716d580e,0xc5cb37312a1643b2112dd1fd34d7e90f53955214a46e56ff65d1de8b03bb45fc,1580501189,228732,0xf95c832ab5ac20000c915e851d0e4038716d580e,0xf95c832ab5ac20000c915e851d0e4038716d580e,10000000000000000
0xf95c832ab5ac20000c915e851d0e4038716d580e,0xc5cb37312a1643b2112dd1fd34d7e90f53955214a46e56ff65d1de8b03bb45fc,1580501189,231183,0xf95c832ab5ac20000c915e851d0e4038716d580e,0xf95c832ab5ac20000c915e851d0e4038716d580e,10000000000000000
0xf95c832ab5ac20000c915e851d0e4038716d580e,0xc5cb37312a1643b2112dd1fd34d7e90f53955214a46e56ff65d1de8b03bb45fc,1580501189,233634,0xf95c832ab5ac20000c915e851d0e4038716d580e,0xf95c832ab5ac20000c915e851d0e4038716d580e,10000000000000000
0xf95c832ab5ac20000c915e851d0e4038716d580e,0xc5cb37312a1643b2112dd1fd34d7e90f53955214a46e56ff65d1de8b03bb45fc,1580501189,236085,0xf95c832ab5ac20000c915e851d0e4038716d580e,0xf95c832ab5ac20000c915e851d0e4038716d580e,10000000000000000
0xf95c832ab5ac20000c915e851d0e4038716d580e,0xc5cb37312a1643b2112dd1fd34d7e90f53955214a46e56ff65d1de8b03bb45fc,1580501189,238536,0xf95c832ab5ac20000c915e851d0e4038716d580e,0xf95c832ab5ac20000c915e851d0e4038716d580e,10000000000000000
0xf95c832ab5ac20000c915e851d0e4038716d580e,0xc5cb37312a1643b2112dd1fd34d7e90f53955214a46e56ff65d1de8b03bb45fc,1580501189,240987,0xf95c832ab5ac20000c915e851d0e4038716d580e,0xf95c832ab5ac20000c915e851d0e4038716d580e,10000000000000000
0xf95c832ab5ac20000c915e851d0e4038716d580e,0xc5cb37312a1643b2112dd1fd34d7e90f53955214a46e56ff65d1de8b03bb45fc,1580501189,243438,0xf95c832ab5ac20000c915e851d0e4038716d580e,0xf95c832ab5ac20000c915e851d0e4038716d580e,10000000000000000
0xf95c832ab5ac20000c915e851d0e4038716d580e,0xc5cb37312a1643b2112dd1fd34d7e90f53955214a46e56ff65d1de8b03bb45fc,1580501189,245889,0xf95c832ab5ac20000c915e851d0e4038716d580e,0xf95c832ab5ac20000c915e851d0e4038716d580e,10000000000000000
0xf95c832ab5ac20000c915e851d0e4038716d580e,0x7c34608b90f27122e1138aa2878120be8cc9df0a4ee9f95639cda18d9b31c6e2,1580501247,248516,0xf95c832ab5ac20000c915e851d0e4038716d580e,0xf95c832ab5ac20000c915e851d0e4038716d580e,10000000000000000
0xf95c832ab5ac20000c915e851d0e4038716d580e,0x7c34608b90f27122e1138aa2878120be8cc9df0a4ee9f95639cda18d9b31c6e2,1580501247,250967,0xf95c832ab5ac20000c915e851d0e4038716d580e,0xf95c832ab5ac20000c915e851d0e4038716d580e,10000000000000000
0xf95c832ab5ac20000c915e851d0e4038716d580e,0x7c34608b90f27122e1138aa2878120be8cc9df0a4ee9f95639cda18d9b31c6e2,1580501247,253418,0xf95c832ab5ac20000c915e851d0e4038716d580e,0xf95c832ab5ac20000c915e851d0e4038716d580e,10000000000000000
0xf95c832ab5ac20000c915e851d0e4038716d580e,0x7c34608b90f27122e1138aa2878120be8cc9df0a4ee9f95639cda18d9b31c6e2,1580501247,255869,0xf95c832ab5ac20000c915e851d0e4038716d580e,0xf95c832ab5ac20000c915e851d0e4038716d580e,10000000000000000
0xf95c832ab5ac20000c915e851d0e4038716d580e,0x7c34608b90f27122e1138aa2878120be8cc9df0a4ee9f95639cda18d9b31c6e2,1580501247,258320,0xf95c832ab5ac20000c915e851d0e4038716d580e,0xf95c832ab5ac20000c915e851d0e4038716d580e,10000000000000000
0xf95c832ab5ac20000c915e851d0e4038716d580e,0x7c34608b90f27122e1138aa2878120be8cc9df0a4ee9f95639cda18d9b31c6e2,1580501247,260771,0xf95c832ab5ac20000c915e851d0e4038716d580e,0xf95c832ab5ac20000c915e851d0e4038716d580e,10000000000000000
0xf95c832ab5ac20000c915e851d0e4038716d580e,0x7c34608b90f27122e1138aa2878120be8cc9df0a4ee9f95639cda18d9b31c6e2,1580501247,263222,0xf95c832ab5ac20000c915e851d0e4038716d580e,0xf95c832ab5ac20000c915e851d0e4038716d580e,10000000000000000
0xf95c832ab5ac20000c915e851d0e4038716d580e,0x7c34608b90f27122e1138aa2878120be8cc9df0a4ee9f95639cda18d9b31c6e2,1580501247,265673,0xf95c832ab5ac20000c915e851d0e4038716d580e,0xf95c832ab5ac20000c915e851d0e4038716d580e,10000000000000000
0xf95c832ab5ac20000c915e851d0e4038716d580e,0x7c34608b90f27122e1138aa2878120be8cc9df0a4ee9f95639cda18d9b31c6e2,1580501247,268124,0xf95c832ab5ac20000c915e851d0e4038716d580e,0xf95c832ab5ac20000c915e851d0e4038716d580e,10000000000000000
0xf95c832ab5ac20000c915e851d0e4038716d580e,0x7c34608b90f27122e1138aa2878120be8cc9df0a4ee9f95639cda18d9b31c6e2,1580501247,270575,0xf95c832ab5ac20000c915e851d0e4038716d580e,0xf95c832ab5ac20000c915e851d0e4038716d580e,10000000000000000
0xf95c832ab5ac20000c915e851d0e4038716d580e,0x7c34608b90f27122e1138aa2878120be8cc9df0a4ee9f95639cda18d9b31c6e2,1580501247,273026,0xf95c832ab5ac20000c915e851d0e4038716d580e,0xf95c832ab5ac20000c915e851d0e4038716d580e,10000000000000000
0xf95c832ab5ac20000c915e851d0e4038716d580e,0x7c34608b90f27122e1138aa2878120be8cc9df0a4ee9f95639cda18d9b31c6e2,1580501247,275477,0xf95c832ab5ac20000c915e851d0e4038716d580e,0xf95c832ab5ac20000c915e851d0e4038716d580e,10000000000000000
0xf95c832ab5ac20000c915e851d0e4038716d580e,0x7c34608b90f27122e1138aa2878120be8cc9df0a4ee9f95639cda18d9b31c6e2,1580501247,277928,0xf95c832ab5ac20000c915e851d0e4038716d580e,0xf95c832ab5ac20000c915e851d0e4038716d580e,10000000000000000
0xf95c832ab5ac20000c915e851d0e4038716d580e,0x7c34608b90f27122e1138aa2878120be8cc9df0a4ee9f95639cda18d9b31c6e2,1580501247,280379,0xf95c832ab5ac20000c915e851d0e4038716d580e,0xf95c832ab5ac20000c915e851d0e4038716d580e,10000000000000000
0xf95c832ab5ac20000c915e851d0e4038716d580e,0x7c34608b90f27122e1138aa2878120be8cc9df0a4ee9f95639cda18d9b31c6e2,1580501247,282830,0xf95c832ab5ac20000c915e851d0e4038716d580e,0xf95c832ab5ac20000c915e851d0e4038716d580e,10000000000000000
0xf95c832ab5ac20000c915e851d0e4038716d580e,0x7c34608b90f27122e1138aa2878120be8cc9df0a4ee9f95639cda18d9b31c6e2,1580501247,285281,0xf95c832ab5ac20000c915e851d0e4038716d580e,0xf95c832ab5ac20000c915e851d0e4038716d580e,10000000000000000
0xf95c832ab5ac20000c915e851d0e4038716d580e,0x7c34608b90f27122e1138aa2878120be8cc9df0a4ee9f95639cda18d9b31c6e2,1580501247,287732,0xf95c832ab5ac20000c915e851d0e4038716d580e,0xf95c832ab5ac20000c915e851d0e4038716d580e,10000000000000000
0xf95c832ab5ac20000c915e851d0e4038716d580e,0x7c34608b90f27122e1138aa2878120be8cc9df0a4ee9f95639cda18d9b31c6e2,1580501247,290183,0xf95c832ab5ac20000c915e851d0e4038716d580e,0xf95c832ab5ac20000c915e851d0e4038716d580e,10000000000000000
0xf95c832ab5ac20000c915e851d0e4038716d580e,0x7c34608b90f27122e1138aa2878120be8cc9df0a4ee9f95639cda18d9b31c6e2,1580501247,292634,0xf95c832ab5ac20000c915e851d0e4038716d580e,0xf95c832ab5ac20000c915e851d0e4038716d580e,10000000000000000
0xf95c832ab5ac20000c915e851d0e4038716d580e,0x7c34608b90f27122e1138aa2878120be8cc9df0a4ee9f95639cda18d9b31c6e2,1580501247,295085,0xf95c832ab5ac20000c915e851d0e4038716d580e,0xf95c832ab5ac20000c915e851d0e4038716d580e,10000000000000000
0xf95c832ab5ac20000c915e851d0e4038716d580e,0x7c34608b90f27122e1138aa2878120be8cc9df0a4ee9f95639cda18d9b31c6e2,1580501247,297536,0xf95c832ab5ac20000c915e851d0e4038716d580e,0xf95c832ab5ac20000c915e851d0e4038716d580e,10000000000000000
0xf95c832ab5ac20000c915e851d0e4038716d580e,0x7c34608b90f27122e1138aa2878120be8cc9df0a4ee9f95639cda18d9b31c6e2,1580501247,299987,0xf95c832ab5ac20000c915e851d0e4038716d580e,0xf95c832ab5ac20000c915e851d0e4038716d580e,10000000000000000
0xf95c832ab5ac20000c915e851d0e4038716d580e,0x7c34608b90f27122e1138aa2878120be8cc9df0a4ee9f95639cda18d9b31c6e2,1580501247,302438,0xf95c832ab5ac20000c915e851d0e4038716d580e,0xf95c832ab5ac20000c915e851d0e4038716d580e,10000000000000000
0xf95c832ab5ac20000c915e851d0e4038716d580e,0x7c34608b90f27122e1138aa2878120be8cc9df0a4ee9f95639cda18d9b31c6e2,1580501247,304889,0xf95c832ab5ac20000c915e851d0e4038716d580e,0xf95c832ab5ac20000c915e851d0e4038716d580e,10000000000000000
0xf95c832ab5ac20000c915e851d0e4038716d580e,0x7c34608b90f27122e1138aa2878120be8cc9df0a4ee9f95639cda18d9b31c6e2,1580501247,307340,0xf95c832ab5ac20000c915e851d0e4038716d580e,0xf95c832ab5ac20000c915e851d0e4038716d580e,10000000000000000
0xf95c832ab5ac20000c915e851d0e4038716d580e,0xfaae168b0d6c2b5f2923b8620efd9bf2a80f33b7b3572bba8f93cdd70be42401,1580501352,312436,0xf95c832ab5ac20000c915e851d0e4038716d580e,0xf95c832ab5ac20000c915e851d0e4038716d580e,10000000000000000
0xf95c832ab5ac20000c915e851d0e4038716d580e,0xfaae168b0d6c2b5f2923b8620efd9bf2a80f33b7b3572bba8f93cdd70be42401,1580501352,314887,0xf95c832ab5ac20000c915e851d0e4038716d580e,0xf95c832ab5ac20000c915e851d0e4038716d580e,10000000000000000
0xf95c832ab5ac20000c915e851d0e4038716d580e,0xfaae168b0d6c2b5f2923b8620efd9bf2a80f33b7b3572bba8f93cdd70be42401,1580501352,317338,0xf95c832ab5ac20000c915e851d0e4038716d580e,0xf95c832ab5ac20000c915e851d0e4038716d580e,10000000000000000
0xf95c832ab5ac20000c915e851d0e4038716d580e,0xfaae168b0d6c2b5f2923b8620efd9bf2a80f33b7b3572bba8f93cdd70be42401,1580501352,319789,0xf95c832ab5ac20000c915e851d0e4038716d580e,0xf95c832ab5ac20000c915e851d0e4038716d580e,10000000000000000
0xf95c832ab5ac20000c915e851d0e4038716d580e,0xfaae168b0d6c2b5f2923b8620efd9bf2a80f33b7b3572bba8f93cdd70be42401,1580501352,322240,0xf95c832ab5ac20000c915e851d0e4038716d580e,0xf95c832ab5ac20000c915e851d0e4038716d580e,10000000000000000
0xf95c832ab5ac20000c915e851d0e4038716d580e,0xfaae168b0d6c2b5f2923b8620efd9bf2a80f33b7b3572bba8f93cdd70be42401,1580501352,324691,0xf95c832ab5ac20000c915e851d0e4038716d580e,0xf95c832ab5ac20000c915e851d0e4038716d580e,10000000000000000
0xf95c832ab5ac20000c915e851d0e4038716d580e,0xfaae168b0d6c2b5f2923b8620efd9bf2a80f33b7b3572bba8f93cdd70be42401,1580501352,327142,0xf95c832ab5ac20000c915e851d0e4038716d580e,0xf95c832ab5ac20000c915e851d0e4038716d580e,10000000000000000
0xf95c832ab5ac20000c915e851d0e4038716d580e,0xfaae168b0d6c2b5f2923b8620efd9bf2a80f33b7b3572bba8f93cdd70be42401,1580501352,329593,0xf95c832ab5ac20000c915e851d0e4038716d580e,0xf95c832ab5ac20000c915e851d0e4038716d580e,10000000000000000
0xf95c832ab5ac20000c915e851d0e4038716d580e,0xfaae168b0d6c2b5f2923b8620efd9bf2a80f33b7b3572bba8f93cdd70be42401,1580501352,332044,0xf95c832ab5ac20000c915e851d0e4038716d580e,0xf95c832ab5ac20000c915e851d0e4038716d580e,10000000000000000
0xf95c832ab5ac20000c915e851d0e4038716d580e,0xfaae168b0d6c2b5f2923b8620efd9bf2a80f33b7b3572bba8f93cdd70be42401,1580501352,334495,0xf95c832ab5ac20000c915e851d0e4038716d580e,0xf95c832ab5ac20000c915e851d0e4038716d580e,10000000000000000
0xf95c832ab5ac20000c915e851d0e4038716d580e,0xfaae168b0d6c2b5f2923b8620efd9bf2a80f33b7b3572bba8f93cdd70be42401,1580501352,336946,0xf95c832ab5ac20000c915e851d0e4038716d580e,0xf95c832ab5ac20000c915e851d0e4038716d580e,10000000000000000
0xf95c832ab5ac20000c915e851d0e4038716d580e,0xfaae168b0d6c2b5f2923b8620efd9bf2a80f33b7b3572bba8f93cdd70be42401,1580501352,339397,0xf95c832ab5ac20000c915e851d0e4038716d580e,0xf95c832ab5ac20000c915e851d0e4038716d580e,10000000000000000
0xf95c832ab5ac20000c915e851d0e4038716d580e,0xfaae168b0d6c2b5f2923b8620efd9bf2a80f33b7b3572bba8f93cdd70be42401,1580501352,341848,0xf95c832ab5ac20000c915e851d0e4038716d580e,0xf95c832ab5ac20000c915e851d0e4038716d580e,10000000000000000
0xf95c832ab5ac20000c915e851d0e4038716d580e,0xfaae168b0d6c2b5f2923b8620efd9bf2a80f33b7b3572bba8f93cdd70be42401,1580501352,344299,0xf95c832ab5ac20000c915e851d0e4038716d580e,0xf95c832ab5ac20000c915e851d0e4038716d580e,10000000000000000
0xf95c832ab5ac20000c915e851d0e4038716d580e,0xfaae168b0d6c2b5f2923b8620efd9bf2a80f33b7b3572bba8f93cdd70be42401,1580501352,346750,0xf95c832ab5ac20000c915e851d0e4038716d580e,0xf95c832ab5ac20000c915e851d0e4038716d580e,10000000000000000
0xf95c832ab5ac20000c915e851d0e4038716d580e,0xfaae168b0d6c2b5f2923b8620efd9bf2a80f33b7b3572bba8f93cdd70be42401,1580501352,349201,0xf95c832ab5ac20000c915e851d0e4038716d580e,0xf95c832ab5ac20000c915e851d0e4038716d580e,10000000000000000
0xf95c832ab5ac20000c915e851d0e4038716d580e,0xfaae168b0d6c2b5f2923b8620efd9bf2a80f33b7b3572bba8f93cdd70be42401,1580501352,351652,0xf95c832ab5ac20000c915e851d0e4038716d580e,0xf95c832ab5ac20000c915e851d0e4038716d580e,10000000000000000
0xf95c832ab5ac20000c915e851d0e4038716d580e,0xfaae168b0d6c2b5f2923b8620efd9bf2a80f33b7b3572bba8f93cdd70be42401,1580501352,354103,0xf95c832ab5ac20000c915e851d0e4038716d580e,0xf95c832ab5ac20000c915e851d0e4038716d580e,10000000000000000
0xf95c832ab5ac20000c915e851d0e4038716d580e,0xfaae168b0d6c2b5f2923b8620efd9bf2a80f33b7b3572bba8f93cdd70be42401,1580501352,356554,0xf95c832ab5ac20000c915e851d0e4038716d580e,0xf95c832ab5ac20000c915e851d0e4038716d580e,10000000000000000
0xf95c832ab5ac20000c915e851d0e4038716d580e,0xfaae168b0d6c2b5f2923b8620efd9bf2a80f33b7b3572bba8f93cdd70be42401,1580501352,359005,0xf95c832ab5ac20000c915e851d0e4038716d580e,0xf95c832ab5ac20000c915e851d0e4038716d580e,10000000000000000
0xf95c832ab5ac20000c915e851d0e4038716d580e,0xfaae168b0d6c2b5f2923b8620efd9bf2a80f33b7b3572bba8f93cdd70be42401,1580501352,361456,0xf95c832ab5ac20000c915e851d0e4038716d580e,0xf95c832ab5ac20000c915e851d0e4038716d580e,10000000000000000
0xf95c832ab5ac20000c915e851d0e4038716d580e,0xfaae168b0d6c2b5f2923b8620efd9bf2a80f33b7b3572bba8f93cdd70be42401,1580501352,363907,0xf95c832ab5ac20000c915e851d0e4038716d580e,0xf95c832ab5ac20000c915e851d0e4038716d580e,10000000000000000
0xf95c832ab5ac20000c915e851d0e4038716d580e,0xfaae168b0d6c2b5f2923b8620efd9bf2a80f33b7b3572bba8f93cdd70be42401,1580501352,366358,0xf95c832ab5ac20000c915e851d0e4038716d580e,0xf95c832ab5ac20000c915e851d0e4038716d580e,10000000000000000
0xf95c832ab5ac20000c915e851d0e4038716d580e,0xfaae168b0d6c2b5f2923b8620efd9bf2a80f33b7b3572bba8f93cdd70be42401,1580501352,368809,0xf95c832ab5ac20000c915e851d0e4038716d580e,0xf95c832ab5ac20000c915e851d0e4038716d580e,10000000000000000
0xf95c832ab5ac20000c915e851d0e4038716d580e,0xfaae168b0d6c2b5f2923b8620efd9bf2a80f33b7b3572bba8f93cdd70be42401,1580501352,371260,0xf95c832ab5ac20000c915e851d0e4038716d580e,0xf95c832ab5ac20000c915e851d0e4038716d580e,10000000000000000
0xf95c832ab5ac20000c915e851d0e4038716d580e,0xaa964191098442a71859483b6b972d474a1fa1df88aff276b1ce72e3a96c4d1c,1580501399,373887,0xf95c832ab5ac20000c915e851d0e4038716d580e,0xf95c832ab5ac20000c915e851d0e4038716d580e,10000000000000000
0xf95c832ab5ac20000c915e851d0e4038716d580e,0xaa964191098442a71859483b6b972d474a1fa1df88aff276b1ce72e3a96c4d1c,1580501399,376338,0xf95c832ab5ac20000c915e851d0e4038716d580e,0xf95c832ab5ac20000c915e851d0e4038716d580e,10000000000000000
0xf95c832ab5ac20000c915e851d0e4038716d580e,0xaa964191098442a71859483b6b972d474a1fa1df88aff276b1ce72e3a96c4d1c,1580501399,378789,0xf95c832ab5ac20000c915e851d0e4038716d580e,0xf95c832ab5ac20000c915e851d0e4038716d580e,10000000000000000
0xf95c832ab5ac20000c915e851d0e4038716d580e,0xaa964191098442a71859483b6b972d474a1fa1df88aff276b1ce72e3a96c4d1c,1580501399,381240,0xf95c832ab5ac20000c915e851d0e4038716d580e,0xf95c832ab5ac20000c915e851d0e4038716d580e,10000000000000000
0xf95c832ab5ac20000c915e851d0e4038716d580e,0xaa964191098442a71859483b6b972d474a1fa1df88aff276b1ce72e3a96c4d1c,1580501399,383691,0xf95c832ab5ac20000c915e851d0e4038716d580e,0xf95c832ab5ac20000c915e851d0e4038716d580e,10000000000000000
0xf95c832ab5ac20000c915e851d0e4038716d580e,0xaa964191098442a71859483b6b972d474a1fa1df88aff276b1ce72e3a96c4d1c,1580501399,386142,0xf95c832ab5ac20000c915e851d0e4038716d580e,0xf95c832ab5ac20000c915e851d0e4038716d580e,10000000000000000
0xf95c832ab5ac20000c915e851d0e4038716d580e,0xaa964191098442a71859483b6b972d474a1fa1df88aff276b1ce72e3a96c4d1c,1580501399,388593,0xf95c832ab5ac20000c915e851d0e4038716d580e,0xf95c832ab5ac20000c915e851d0e4038716d580e,10000000000000000
0xf95c832ab5ac20000c915e851d0e4038716d580e,0xaa964191098442a71859483b6b972d474a1fa1df88aff276b1ce72e3a96c4d1c,1580501399,391044,0xf95c832ab5ac20000c915e851d0e4038716d580e,0xf95c832ab5ac20000c915e851d0e4038716d580e,10000000000000000
0xf95c832ab5ac20000c915e851d0e4038716d580e,0xaa964191098442a71859483b6b972d474a1fa1df88aff276b1ce72e3a96c4d1c,1580501399,393495,0xf95c832ab5ac20000c915e851d0e4038716d580e,0xf95c832ab5ac20000c915e851d0e4038716d580e,10000000000000000
0xf95c832ab5ac20000c915e851d0e4038716d580e,0xaa964191098442a71859483b6b972d474a1fa1df88aff276b1ce72e3a96c4d1c,1580501399,395946,0xf95c832ab5ac20000c915e851d0e4038716d580e,0xf95c832ab5ac20000c915e851d0e4038716d580e,10000000000000000
0xf95c832ab5ac20000c915e851d0e4038716d580e,0xaa964191098442a71859483b6b972d474a1fa1df88aff276b1ce72e3a96c4d1c,1580501399,398397,0xf95c832ab5ac20000c915e851d0e4038716d580e,0xf95c832ab5ac20000c915e851d0e4038716d580e,10000000000000000
0xf95c832ab5ac20000c915e851d0e4038716d580e,0xaa964191098442a71859483b6b972d474a1fa1df88aff276b1ce72e3a96c4d1c,1580501399,400848,0xf95c832ab5ac20000c915e851d0e4038716d580e,0xf95c832ab5ac20000c915e851d0e4038716d580e,10000000000000000
0xf95c832ab5ac20000c915e851d0e4038716d580e,0xaa964191098442a71859483b6b972d474a1fa1df88aff276b1ce72e3a96c4d1c,1580501399,403299,0xf95c832ab5ac20000c915e851d0e4038716d580e,0xf95c832ab5ac20000c915e851d0e4038716d580e,10000000000000000
0xf95c832ab5ac20000c915e851d0e4038716d580e,0xaa964191098442a71859483b6b972d474a1fa1df88aff276b1ce72e3a96c4d1c,1580501399,405750,0xf95c832ab5ac20000c915e851d0e4038716d580e,0xf95c832ab5ac20000c915e851d0e4038716d580e,10000000000000000
0xf95c832ab5ac20000c915e851d0e4038716d580e,0xaa964191098442a71859483b6b972d474a1fa1df88aff276b1ce72e3a96c4d1c,1580501399,408201,0xf95c832ab5ac20000c915e851d0e4038716d580e,0xf95c832ab5ac20000c915e851d0e4038716d580e,10000000000000000
0xf95c832ab5ac20000c915e851d0e4038716d580e,0xaa964191098442a71859483b6b972d474a1fa1df88aff276b1ce72e3a96c4d1c,1580501399,410652,0xf95c832ab5ac20000c915e851d0e4038716d580e,0xf95c832ab5ac20000c915e851d0e4038716d580e,10000000000000000
0xf95c832ab5ac20000c915e851d0e4038716d580e,0xaa964191098442a71859483b6b972d474a1fa1df88aff276b1ce72e3a96c4d1c,1580501399,413103,0xf95c832ab5ac20000c915e851d0e4038716d580e,0xf95c832ab5ac20000c915e851d0e4038716d580e,10000000000000000
0xf95c832ab5ac20000c915e851d0e4038716d580e,0xaa964191098442a71859483b6b972d474a1fa1df88aff276b1ce72e3a96c4d1c,1580501399,415554,0xf95c832ab5ac20000c915e851d0e4038716d580e,0xf95c832ab5ac20000c915e851d0e4038716d580e,10000000000000000
0xf95c832ab5ac20000c915e851d0e4038716d580e,0xaa964191098442a71859483b6b972d474a1fa1df88aff276b1ce72e3a96c4d1c,1580501399,418005,0xf95c832ab5ac20000c915e851d0e4038716d580e,0xf95c832ab5ac20000c915e851d0e4038716d580e,10000000000000000
0xf95c832ab5ac20000c915e851d0e4038716d580e,0x14a5623b391bff215dcc7df9e862aa0691dd64127be6b82065c4fb8c54502f33,1580501399,420632,0xf95c832ab5ac20000c915e851d0e4038716d580e,0xf95c832ab5ac20000c915e851d0e4038716d580e,10000000000000000
0xf95c832ab5ac20000c915e851d0e4038716d580e,0x14a5623b391bff215dcc7df9e862aa0691dd64127be6b82065c4fb8c54502f33,1580501399,423083,0xf95c832ab5ac20000c915e851d0e4038716d580e,0xf95c832ab5ac20000c915e851d0e4038716d580e,10000000000000000
0xf95c832ab5ac20000c915e851d0e4038716d580e,0x14a5623b391bff215dcc7df9e862aa0691dd64127be6b82065c4fb8c54502f33,1580501399,425534,0xf95c832ab5ac20000c915e851d0e4038716d580e,0xf95c832ab5ac20000c915e851d0e4038716d580e,10000000000000000
0xf95c832ab5ac20000c915e851d0e4038716d580e,0x14a5623b391bff215dcc7df9e862aa0691dd64127be6b82065c4fb8c54502f33,1580501399,427985,0xf95c832ab5ac20000c915e851d0e4038716d580e,0xf95c832ab5ac20000c915e851d0e4038716d580e,10000000000000000
0xf95c832ab5ac20000c915e851d0e4038716d580e,0x14a5623b391bff215dcc7df9e862aa0691dd64127be6b82065c4fb8c54502f33,1580501399,430436,0xf95c832ab5ac20000c915e851d0e4038716d580e,0xf95c832ab5ac20000c915e851d0e4038716d580e,10000000000000000
0xf95c832ab5ac20000c915e851d0e4038716d580e,0x14a5623b391bff215dcc7df9e862aa0691dd64127be6b82065c4fb8c54502f33,1580501399,432887,0xf95c832ab5ac20000c915e851d0e4038716d580e,0xf95c832ab5ac20000c915e851d0e4038716d580e,10000000000000000
0xf95c832ab5ac20000c915e851d0e4038716d580e,0x14a5623b391bff215dcc7df9e862aa0691dd64127be6b82065c4fb8c54502f33,1580501399,435338,0xf95c832ab5ac20000c915e851d0e4038716d580e,0xf95c832ab5ac20000c915e851d0e4038716d580e,10000000000000000
0xf95c832ab5ac20000c915e851d0e4038716d580e,0x14a5623b391bff215dcc7df9e862aa0691dd64127be6b82065c4fb8c54502f33,1580501399,437789,0xf95c832ab5ac20000c915e851d0e4038716d580e,0xf95c832ab5ac20000c915e851d0e4038716d580e,10000000000000000
0xf95c832ab5ac20000c915e851d0e4038716d580e,0x14a5623b391bff215dcc7df9e862aa0691dd64127be6b82065c4fb8c54502f33,1580501399,440240,0xf95c832ab5ac20000c915e851d0e4038716d580e,0xf95c832ab5ac20000c915e851d0e4038716d580e,10000000000000000
0xf95c832ab5ac20000c915e851d0e4038716d580e,0x14a5623b391bff215dcc7df9e862aa0691dd64127be6b82065c4fb8c54502f33,1580501399,442691,0xf95c832ab5ac20000c915e851d0e4038716d580e,0xf95c832ab5ac20000c915e851d0e4038716d580e,10000000000000000
0xf95c832ab5ac20000c915e851d0e4038716d580e,0x14a5623b391bff215dcc7df9e862aa0691dd64127be6b82065c4fb8c54502f33,1580501399,445142,0xf95c832ab5ac20000c915e851d0e4038716d580e,0xf95c832ab5ac20000c915e851d0e4038716d580e,10000000000000000
0xf95c832ab5ac20000c915e851d0e4038716d580e,0x14a5623b391bff215dcc7df9e862aa0691dd64127be6b82065c4fb8c54502f33,1580501399,447593,0xf95c832ab5ac20000c915e851d0e4038716d580e,0xf95c832ab5ac20000c915e851d0e4038716d580e,10000000000000000
0xf95c832ab5ac20000c915e851d0e4038716d580e,0x14a5623b391bff215dcc7df9e862aa0691dd64127be6b82065c4fb8c54502f33,1580501399,450044,0xf95c832ab5ac20000c915e851d0e4038716d580e,0xf95c832ab5ac20000c915e851d0e4038716d580e,10000000000000000
0xf95c832ab5ac20000c915e851d0e4038716d580e,0x14a5623b391bff215dcc7df9e862aa0691dd64127be6b82065c4fb8c54502f33,1580501399,452495,0xf95c832ab5ac20000c915e851d0e4038716d580e,0xf95c832ab5ac20000c915e851d0e4038716d580e,10000000000000000
0xf95c832ab5ac20000c915e851d0e4038716d580e,0x14a5623b391bff215dcc7df9e862aa0691dd64127be6b82065c4fb8c54502f33,1580501399,454946,0xf95c832ab5ac20000c915e851d0e4038716d580e,0xf95c832ab5ac20000c915e851d0e4038716d580e,10000000000000000
0xf95c832ab5ac20000c915e851d0e4038716d580e,0x14a5623b391bff215dcc7df9e862aa0691dd64127be6b82065c4fb8c54502f33,1580501399,457397,0xf95c832ab5ac20000c915e851d0e4038716d580e,0xf95c832ab5ac20000c915e851d0e4038716d580e,10000000000000000
0xf95c832ab5ac20000c915e851d0e4038716d580e,0x14a5623b391bff215dcc7df9e862aa0691dd64127be6b82065c4fb8c54502f33,1580501399,459848,0xf95c832ab5ac20000c915e851d0e4038716d580e,0xf95c832ab5ac20000c915e851d0e4038716d580e,10000000000000000
0xf95c832ab5ac20000c915e851d0e4038716d580e,0x14a5623b391bff215dcc7df9e862aa0691dd64127be6b82065c4fb8c54502f33,1580501399,462299,0xf95c832ab5ac20000c915e851d0e4038716d580e,0xf95c832ab5ac20000c915e851d0e4038716d580e,10000000000000000
0xf95c832ab5ac20000c915e851d0e4038716d580e,0x14a5623b391bff215dcc7df9e862aa0691dd64127be6b82065c4fb8c54502f33,1580501399,464750,0xf95c832ab5ac20000c915e851d0e4038716d580e,0xf95c832ab5ac20000c915e851d0e4038716d580e,10000000000000000
0xf95c832ab5ac20000c915e851d0e4038716d580e,0x14a5623b391bff215dcc7df9e862aa0691dd64127be6b82065c4fb8c54502f33,1580501399,467201,0xf95c832ab5ac20000c915e851d0e4038716d580e,0xf95c832ab5ac20000c915e851d0e4038716d580e,10000000000000000
0xf95c832ab5ac20000c915e851d0e4038716d580e,0x14a5623b391bff215dcc7df9e862aa0691dd64127be6b82065c4fb8c54502f33,1580501399,469652,0xf95c832ab5ac20000c915e851d0e4038716d580e,0xf95c832ab5ac20000c915e851d0e4038716d580e,10000000000000000
0xf95c832ab5ac20000c915e851d0e4038716d580e,0x14a5623b391bff215dcc7df9e862aa0691dd64127be6b82065c4fb8c54502f33,1580501399,472103,0xf95c832ab5ac20000c915e851d0e4038716d580e,0xf95c832ab5ac20000c915e851d0e4038716d580e,10000000000000000
0xf95c832ab5ac20000c915e851d0e4038716d580e,0x14a5623b391bff215dcc7df9e862aa0691dd64127be6b82065c4fb8c54502f33,1580501399,474554,0xf95c832ab5ac20000c915e851d0e4038716d580e,0xf95c832ab5ac20000c915e851d0e4038716d580e,10000000000000000
0xf95c832ab5ac20000c915e851d0e4038716d580e,0x14a5623b391bff215dcc7df9e862aa0691dd64127be6b82065c4fb8c54502f33,1580501399,477005,0xf95c832ab5ac20000c915e851d0e4038716d580e,0xf95c832ab5ac20000c915e851d0e4038716d580e,10000000000000000
0xf95c832ab5ac20000c915e851d0e4038716d580e,0x14a5623b391bff215dcc7df9e862aa0691dd64127be6b82065c4fb8c54502f33,1580501399,479456,0xf95c832ab5ac20000c915e851d0e4038716d580e,0xf95c832ab5ac20000c915e851d0e4038716d580e,10000000000000000
0xf95c832ab5ac20000c915e851d0e4038716d580e,0x14a5623b391bff215dcc7df9e862aa0691dd64127be6b82065c4fb8c54502f33,1580501399,481907,0xf95c832ab5ac20000c915e851d0e4038716d580e,0xf95c832ab5ac20000c915e851d0e4038716d580e,10000000000000000
0xf95c832ab5ac20000c915e851d0e4038716d580e,0x14a5623b391bff215dcc7df9e862aa0691dd64127be6b82065c4fb8c54502f33,1580501399,484358,0xf95c832ab5ac20000c915e851d0e4038716d580e,0xf95c832ab5ac20000c915e851d0e4038716d580e,10000000000000000
0xf95c832ab5ac20000c915e851d0e4038716d580e,0x14a5623b391bff215dcc7df9e862aa0691dd64127be6b82065c4fb8c54502f33,1580501399,486809,0xf95c832ab5ac20000c915e851d0e4038716d580e,0xf95c832ab5ac20000c915e851d0e4038716d580e,10000000000000000
0xf95c832ab5ac20000c915e851d0e4038716d580e,0x14a5623b391bff215dcc7df9e862aa0691dd64127be6b82065c4fb8c54502f33,1580501399,489260,0xf95c832ab5ac20000c915e851d0e4038716d580e,0xf95c832ab5ac20000c915e851d0e4038716d580e,10000000000000000
0xf95c832ab5ac20000c915e851d0e4038716d580e,0x14a5623b391bff215dcc7df9e862aa0691dd64127be6b82065c4fb8c54502f33,1580501399,491711,0xf95c832ab5ac20000c915e851d0e4038716d580e,0xf95c832ab5ac20000c915e851d0e4038716d580e,10000000000000000
0xf95c832ab5ac20000c915e851d0e4038716d580e,0x14a5623b391bff215dcc7df9e862aa0691dd64127be6b82065c4fb8c54502f33,1580501399,494162,0xf95c832ab5ac20000c915e851d0e4038716d580e,0xf95c832ab5ac20000c915e851d0e4038716d580e,10000000000000000
0xf95c832ab5ac20000c915e851d0e4038716d580e,0x761a3d75bb1a887e0df11a0a440b1d54c531bac4c80fa053b8c9867781f32a06,1580501442,496789,0xf95c832ab5ac20000c915e851d0e4038716d580e,0xf95c832ab5ac20000c915e851d0e4038716d580e,10000000000000000
0xf95c832ab5ac20000c915e851d0e4038716d580e,0x761a3d75bb1a887e0df11a0a440b1d54c531bac4c80fa053b8c9867781f32a06,1580501442,499240,0xf95c832ab5ac20000c915e851d0e4038716d580e,0xf95c832ab5ac20000c915e851d0e4038716d580e,10000000000000000
0xf95c832ab5ac20000c915e851d0e4038716d580e,0x761a3d75bb1a887e0df11a0a440b1d54c531bac4c80fa053b8c9867781f32a06,1580501442,501691,0xf95c832ab5ac20000c915e851d0e4038716d580e,0xf95c832ab5ac20000c915e851d0e4038716d580e,10000000000000000
0xf95c832ab5ac20000c915e851d0e4038716d580e,0x761a3d75bb1a887e0df11a0a440b1d54c531bac4c80fa053b8c9867781f32a06,1580501442,504142,0xf95c832ab5ac20000c915e851d0e4038716d580e,0xf95c832ab5ac20000c915e851d0e4038716d580e,10000000000000000
0xf95c832ab5ac20000c915e851d0e4038716d580e,0x761a3d75bb1a887e0df11a0a440b1d54c531bac4c80fa053b8c9867781f32a06,1580501442,506593,0xf95c832ab5ac20000c915e851d0e4038716d580e,0xf95c832ab5ac20000c915e851d0e4038716d580e,10000000000000000
0xf95c832ab5ac20000c915e851d0e4038716d580e,0x761a3d75bb1a887e0df11a0a440b1d54c531bac4c80fa053b8c9867781f32a06,1580501442,509044,0xf95c832ab5ac20000c915e851d0e4038716d580e,0xf95c832ab5ac20000c915e851d0e4038716d580e,10000000000000000
0xf95c832ab5ac20000c915e851d0e4038716d580e,0x761a3d75bb1a887e0df11a0a440b1d54c531bac4c80fa053b8c9867781f32a06,1580501442,511495,0xf95c832ab5ac20000c915e851d0e4038716d580e,0xf95c832ab5ac20000c915e851d0e4038716d580e,10000000000000000
0xf95c832ab5ac20000c915e851d0e4038716d580e,0x761a3d75bb1a887e0df11a0a440b1d54c531bac4c80fa053b8c9867781f32a06,1580501442,513946,0xf95c832ab5ac20000c915e851d0e4038716d580e,0xf95c832ab5ac20000c915e851d0e4038716d580e,10000000000000000
0xf95c832ab5ac20000c915e851d0e4038716d580e,0x761a3d75bb1a887e0df11a0a440b1d54c531bac4c80fa053b8c9867781f32a06,1580501442,516312,0xf95c832ab5ac20000c915e851d0e4038716d580e,0xf95c832ab5ac20000c915e851d0e4038716d580e,10000000000000000
0xf95c832ab5ac20000c915e851d0e4038716d580e,0x761a3d75bb1a887e0df11a0a440b1d54c531bac4c80fa053b8c9867781f32a06,1580501442,518678,0xf95c832ab5ac20000c915e851d0e4038716d580e,0xf95c832ab5ac20000c915e851d0e4038716d580e,10000000000000000
0xf95c832ab5ac20000c915e851d0e4038716d580e,0x761a3d75bb1a887e0df11a0a440b1d54c531bac4c80fa053b8c9867781f32a06,1580501442,521044,0xf95c832ab5ac20000c915e851d0e4038716d580e,0xf95c832ab5ac20000c915e851d0e4038716d580e,10000000000000000
0xf95c832ab5ac20000c915e851d0e4038716d580e,0x761a3d75bb1a887e0df11a0a440b1d54c531bac4c80fa053b8c9867781f32a06,1580501442,523410,0xf95c832ab5ac20000c915e851d0e4038716d580e,0xf95c832ab5ac20000c915e851d0e4038716d580e,10000000000000000
0xf95c832ab5ac20000c915e851d0e4038716d580e,0x761a3d75bb1a887e0df11a0a440b1d54c531bac4c80fa053b8c9867781f32a06,1580501442,525861,0xf95c832ab5ac20000c915e851d0e4038716d580e,0xf95c832ab5ac20000c915e851d0e4038716d580e,10000000000000000
0xf95c832ab5ac20000c915e851d0e4038716d580e,0x761a3d75bb1a887e0df11a0a440b1d54c531bac4c80fa053b8c9867781f32a06,1580501442,528227,0xf95c832ab5ac20000c915e851d0e4038716d580e,0xf95c832ab5ac20000c915e851d0e4038716d580e,10000000000000000
0xf95c832ab5ac20000c915e851d0e4038716d580e,0x761a3d75bb1a887e0df11a0a440b1d54c531bac4c80fa053b8c9867781f32a06,1580501442,530593,0xf95c832ab5ac20000c915e851d0e4038716d580e,0xf95c832ab5ac20000c915e851d0e4038716d580e,10000000000000000
0xf95c832ab5ac20000c915e851d0e4038716d580e,0x761a3d75bb1a887e0df11a0a440b1d54c531bac4c80fa053b8c9867781f32a06,1580501442,533044,0xf95c832ab5ac20000c915e851d0e4038716d580e,0xf95c832ab5ac20000c915e851d0e4038716d580e,10000000000000000
0xf95c832ab5ac20000c915e851d0e4038716d580e,0x761a3d75bb1a887e0df11a0a440b1d54c531bac4c80fa053b8c9867781f32a06,1580501442,535495,0xf95c832ab5ac20000c915e851d0e4038716d580e,0xf95c832ab5ac20000c915e851d0e4038716d580e,10000000000000000
0xf95c832ab5ac20000c915e851d0e4038716d580e,0x761a3d75bb1a887e0df11a0a440b1d54c531bac4c80fa053b8c9867781f32a06,1580501442,537946,0xf95c832ab5ac20000c915e851d0e4038716d580e,0xf95c832ab5ac20000c915e851d0e4038716d580e,10000000000000000
0xf95c832ab5ac20000c915e851d0e4038716d580e,0x373df6e896036b324ab933a85e2650c53ee76a1f2b53059858c885076ac7aa48,1580501517,540573,0xf95c832ab5ac20000c915e851d0e4038716d580e,0xf95c832ab5ac20000c915e851d0e4038716d580e,10000000000000000
0xf95c832ab5ac20000c915e851d0e4038716d580e,0x373df6e896036b324ab933a85e2650c53ee76a1f2b53059858c885076ac7aa48,1580501517,543024,0xf95c832ab5ac20000c915e851d0e4038716d580e,0xf95c832ab5ac20000c915e851d0e4038716d580e,10000000000000000
0xf95c832ab5ac20000c915e851d0e4038716d580e,0x373df6e896036b324ab933a85e2650c53ee76a1f2b53059858c885076ac7aa48,1580501517,545475,0xf95c832ab5ac20000c915e851d0e4038716d580e,0xf95c832ab5ac20000c915e851d0e4038716d580e,10000000000000000
0xf95c832ab5ac20000c915e851d0e4038716d580e,0x373df6e896036b324ab933a85e2650c53ee76a1f2b53059858c885076ac7aa48,1580501517,547926,0xf95c832ab5ac20000c915e851d0e4038716d580e,0xf95c832ab5ac20000c915e851d0e4038716d580e,10000000000000000
0xf95c832ab5ac20000c915e851d0e4038716d580e,0x373df6e896036b324ab933a85e2650c53ee76a1f2b53059858c885076ac7aa48,1580501517,550377,0xf95c832ab5ac20000c915e851d0e4038716d580e,0xf95c832ab5ac20000c915e851d0e4038716d580e,10000000000000000
0xf95c832ab5ac20000c915e851d0e4038716d580e,0x373df6e896036b324ab933a85e2650c53ee76a1f2b53059858c885076ac7aa48,1580501517,552828,0xf95c832ab5ac20000c915e851d0e4038716d580e,0xf95c832ab5ac20000c915e851d0e4038716d580e,10000000000000000
0xf95c832ab5ac20000c915e851d0e4038716d580e,0x373df6e896036b324ab933a85e2650c53ee76a1f2b53059858c885076ac7aa48,1580501517,555279,0xf95c832ab5ac20000c915e851d0e4038716d580e,0xf95c832ab5ac20000c915e851d0e4038716d580e,10000000000000000
0xf95c832ab5ac20000c915e851d0e4038716d580e,0x373df6e896036b324ab933a85e2650c53ee76a1f2b53059858c885076ac7aa48,1580501517,557730,0xf95c832ab5ac20000c915e851d0e4038716d580e,0xf95c832ab5ac20000c915e851d0e4038716d580e,10000000000000000
0xf95c832ab5ac20000c915e851d0e4038716d580e,0x373df6e896036b324ab933a85e2650c53ee76a1f2b53059858c885076ac7aa48,1580501517,560181,0xf95c832ab5ac20000c915e851d0e4038716d580e,0xf95c832ab5ac20000c915e851d0e4038716d580e,10000000000000000
0xf95c832ab5ac20000c915e851d0e4038716d580e,0x373df6e896036b324ab933a85e2650c53ee76a1f2b53059858c885076ac7aa48,1580501517,562632,0xf95c832ab5ac20000c915e851d0e4038716d580e,0xf95c832ab5ac20000c915e851d0e4038716d580e,10000000000000000
0xf95c832ab5ac20000c915e851d0e4038716d580e,0x373df6e896036b324ab933a85e2650c53ee76a1f2b53059858c885076ac7aa48,1580501517,565083,0xf95c832ab5ac20000c915e851d0e4038716d580e,0xf95c832ab5ac20000c915e851d0e4038716d580e,10000000000000000
0xf95c832ab5ac20000c915e851d0e4038716d580e,0x373df6e896036b324ab933a85e2650c53ee76a1f2b53059858c885076ac7aa48,1580501517,567534,0xf95c832ab5ac20000c915e851d0e4038716d580e,0xf95c832ab5ac20000c915e851d0e4038716d580e,10000000000000000
0xf95c832ab5ac20000c915e851d0e4038716d580e,0x373df6e896036b324ab933a85e2650c53ee76a1f2b53059858c885076ac7aa48,1580501517,569985,0xf95c832ab5ac20000c915e851d0e4038716d580e,0xf95c832ab5ac20000c915e851d0e4038716d580e,10000000000000000
0xf95c832ab5ac20000c915e851d0e4038716d580e,0x373df6e896036b324ab933a85e2650c53ee76a1f2b53059858c885076ac7aa48,1580501517,572436,0xf95c832ab5ac20000c915e851d0e4038716d580e,0xf95c832ab5ac20000c915e851d0e4038716d580e,10000000000000000
0xf95c832ab5ac20000c915e851d0e4038716d580e,0x373df6e896036b324ab933a85e2650c53ee76a1f2b53059858c885076ac7aa48,1580501517,574887,0xf95c832ab5ac20000c915e851d0e4038716d580e,0xf95c832ab5ac20000c915e851d0e4038716d580e,10000000000000000
0xf95c832ab5ac20000c915e851d0e4038716d580e,0x373df6e896036b324ab933a85e2650c53ee76a1f2b53059858c885076ac7aa48,1580501517,577338,0xf95c832ab5ac20000c915e851d0e4038716d580e,0xf95c832ab5ac20000c915e851d0e4038716d580e,10000000000000000
0xf95c832ab5ac20000c915e851d0e4038716d580e,0x373df6e896036b324ab933a85e2650c53ee76a1f2b53059858c885076ac7aa48,1580501517,579789,0xf95c832ab5ac20000c915e851d0e4038716d580e,0xf95c832ab5ac20000c915e851d0e4038716d580e,10000000000000000
0xf95c832ab5ac20000c915e851d0e4038716d580e,0x373df6e896036b324ab933a85e2650c53ee76a1f2b53059858c885076ac7aa48,1580501517,582240,0xf95c832ab5ac20000c915e851d0e4038716d580e,0xf95c832ab5ac20000c915e851d0e4038716d580e,10000000000000000
0xf95c832ab5ac20000c915e851d0e4038716d580e,0x373df6e896036b324ab933a85e2650c53ee76a1f2b53059858c885076ac7aa48,1580501517,584691,0xf95c832ab5ac20000c915e851d0e4038716d580e,0xf95c832ab5ac20000c915e851d0e4038716d580e,10000000000000000
0xf95c832ab5ac20000c915e851d0e4038716d580e,0x373df6e896036b324ab933a85e2650c53ee76a1f2b53059858c885076ac7aa48,1580501517,587142,0xf95c832ab5ac20000c915e851d0e4038716d580e,0xf95c832ab5ac20000c915e851d0e4038716d580e,10000000000000000
0xf95c832ab5ac20000c915e851d0e4038716d580e,0x373df6e896036b324ab933a85e2650c53ee76a1f2b53059858c885076ac7aa48,1580501517,589593,0xf95c832ab5ac20000c915e851d0e4038716d580e,0xf95c832ab5ac20000c915e851d0e4038716d580e,10000000000000000
0xf95c832ab5ac20000c915e851d0e4038716d580e,0x373df6e896036b324ab933a85e2650c53ee76a1f2b53059858c885076ac7aa48,1580501517,592044,0xf95c832ab5ac20000c915e851d0e4038716d580e,0xf95c832ab5ac20000c915e851d0e4038716d580e,10000000000000000
0xf95c832ab5ac20000c915e851d0e4038716d580e,0x373df6e896036b324ab933a85e2650c53ee76a1f2b53059858c885076ac7aa48,1580501517,594495,0xf95c832ab5ac20000c915e851d0e4038716d580e,0xf95c832ab5ac20000c915e851d0e4038716d580e,10000000000000000
0xf95c832ab5ac20000c915e851d0e4038716d580e,0x373df6e896036b324ab933a85e2650c53ee76a1f2b53059858c885076ac7aa48,1580501517,596946,0xf95c832ab5ac20000c915e851d0e4038716d580e,0xf95c832ab5ac20000c915e851d0e4038716d580e,10000000000000000
0xf95c832ab5ac20000c915e851d0e4038716d580e,0x373df6e896036b324ab933a85e2650c53ee76a1f2b53059858c885076ac7aa48,1580501517,599397,0xf95c832ab5ac20000c915e851d0e4038716d580e,0xf95c832ab5ac20000c915e851d0e4038716d580e,10000000000000000
0xf95c832ab5ac20000c915e851d0e4038716d580e,0x373df6e896036b324ab933a85e2650c53ee76a1f2b53059858c885076ac7aa48,1580501517,601848,0xf95c832ab5ac20000c915e851d0e4038716d580e,0xf95c832ab5ac20000c915e851d0e4038716d580e,10000000000000000
0xf95c832ab5ac20000c915e851d0e4038716d580e,0x373df6e896036b324ab933a85e2650c53ee76a1f2b53059858c885076ac7aa48,1580501517,604299,0xf95c832ab5ac20000c915e851d0e4038716d580e,0xf95c832ab5ac20000c915e851d0e4038716d580e,10000000000000000
0xf95c832ab5ac20000c915e851d0e4038716d580e,0x373df6e896036b324ab933a85e2650c53ee76a1f2b53059858c885076ac7aa48,1580501517,606750,0xf95c832ab5ac20000c915e851d0e4038716d580e,0xf95c832ab5ac20000c915e851d0e4038716d580e,10000000000000000
0xf95c832ab5ac20000c915e851d0e4038716d580e,0x373df6e896036b324ab933a85e2650c53ee76a1f2b53059858c885076ac7aa48,1580501517,609201,0xf95c832ab5ac20000c915e851d0e4038716d580e,0xf95c832ab5ac20000c915e851d0e4038716d580e,10000000000000000
0xf95c832ab5ac20000c915e851d0e4038716d580e,0x373df6e896036b324ab933a85e2650c53ee76a1f2b53059858c885076ac7aa48,1580501517,611652,0xf95c832ab5ac20000c915e851d0e4038716d580e,0xf95c832ab5ac20000c915e851d0e4038716d580e,10000000000000000
0xf95c832ab5ac20000c915e851d0e4038716d580e,0x373df6e896036b324ab933a85e2650c53ee76a1f2b53059858c885076ac7aa48,1580501517,614103,0xf95c832ab5ac20000c915e851d0e4038716d580e,0xf95c832ab5ac20000c915e851d0e4038716d580e,10000000000000000
0xf95c832ab5ac20000c915e851d0e4038716d580e,0x373df6e896036b324ab933a85e2650c53ee76a1f2b53059858c885076ac7aa48,1580501517,616554,0xf95c832ab5ac20000c915e851d0e4038716d580e,0xf95c832ab5ac20000c915e851d0e4038716d580e,10000000000000000
0xf95c832ab5ac20000c915e851d0e4038716d580e,0xb1980cdda34aa229ad6eeaedb6ee8d6ca6378c960be8e88741d96198c463313c,1580501555,619181,0xf95c832ab5ac20000c915e851d0e4038716d580e,0xf95c832ab5ac20000c915e851d0e4038716d580e,10000000000000000
0xf95c832ab5ac20000c915e851d0e4038716d580e,0xb1980cdda34aa229ad6eeaedb6ee8d6ca6378c960be8e88741d96198c463313c,1580501555,621632,0xf95c832ab5ac20000c915e851d0e4038716d580e,0xf95c832ab5ac20000c915e851d0e4038716d580e,10000000000000000
0xf95c832ab5ac20000c915e851d0e4038716d580e,0xb1980cdda34aa229ad6eeaedb6ee8d6ca6378c960be8e88741d96198c463313c,1580501555,624083,0xf95c832ab5ac20000c915e851d0e4038716d580e,0xf95c832ab5ac20000c915e851d0e4038716d580e,10000000000000000
0xf95c832ab5ac20000c915e851d0e4038716d580e,0xb1980cdda34aa229ad6eeaedb6ee8d6ca6378c960be8e88741d96198c463313c,1580501555,626534,0xf95c832ab5ac20000c915e851d0e4038716d580e,0xf95c832ab5ac20000c915e851d0e4038716d580e,10000000000000000
0xf95c832ab5ac20000c915e851d0e4038716d580e,0xb1980cdda34aa229ad6eeaedb6ee8d6ca6378c960be8e88741d96198c463313c,1580501555,628985,0xf95c832ab5ac20000c915e851d0e4038716d580e,0xf95c832ab5ac20000c915e851d0e4038716d580e,10000000000000000
0xf95c832ab5ac20000c915e851d0e4038716d580e,0xb1980cdda34aa229ad6eeaedb6ee8d6ca6378c960be8e88741d96198c463313c,1580501555,631436,0xf95c832ab5ac20000c915e851d0e4038716d580e,0xf95c832ab5ac20000c915e851d0e4038716d580e,10000000000000000
0xf95c832ab5ac20000c915e851d0e4038716d580e,0xb1980cdda34aa229ad6eeaedb6ee8d6ca6378c960be8e88741d96198c463313c,1580501555,633887,0xf95c832ab5ac20000c915e851d0e4038716d580e,0xf95c832ab5ac20000c915e851d0e4038716d580e,10000000000000000
0xf95c832ab5ac20000c915e851d0e4038716d580e,0xb1980cdda34aa229ad6eeaedb6ee8d6ca6378c960be8e88741d96198c463313c,1580501555,636338,0xf95c832ab5ac20000c915e851d0e4038716d580e,0xf95c832ab5ac20000c915e851d0e4038716d580e,10000000000000000
0xf95c832ab5ac20000c915e851d0e4038716d580e,0xb1980cdda34aa229ad6eeaedb6ee8d6ca6378c960be8e88741d96198c463313c,1580501555,638789,0xf95c832ab5ac20000c915e851d0e4038716d580e,0xf95c832ab5ac20000c915e851d0e4038716d580e,10000000000000000
0xf95c832ab5ac20000c915e851d0e4038716d580e,0xb1980cdda34aa229ad6eeaedb6ee8d6ca6378c960be8e88741d96198c463313c,1580501555,641240,0xf95c832ab5ac20000c915e851d0e4038716d580e,0xf95c832ab5ac20000c915e851d0e4038716d580e,10000000000000000
0xf95c832ab5ac20000c915e851d0e4038716d580e,0xb1980cdda34aa229ad6eeaedb6ee8d6ca6378c960be8e88741d96198c463313c,1580501555,643691,0xf95c832ab5ac20000c915e851d0e4038716d580e,0xf95c832ab5ac20000c915e851d0e4038716d580e,10000000000000000
0xf95c832ab5ac20000c915e851d0e4038716d580e,0xb1980cdda34aa229ad6eeaedb6ee8d6ca6378c960be8e88741d96198c463313c,1580501555,646142,0xf95c832ab5ac20000c915e851d0e4038716d580e,0xf95c832ab5ac20000c915e851d0e4038716d580e,10000000000000000
0xf95c832ab5ac20000c915e851d0e4038716d580e,0xb1980cdda34aa229ad6eeaedb6ee8d6ca6378c960be8e88741d96198c463313c,1580501555,648593,0xf95c832ab5ac20000c915e851d0e4038716d580e,0xf95c832ab5ac20000c915e851d0e4038716d580e,10000000000000000
0xf95c832ab5ac20000c915e851d0e4038716d580e,0xb1980cdda34aa229ad6eeaedb6ee8d6ca6378c960be8e88741d96198c463313c,1580501555,651044,0xf95c832ab5ac20000c915e851d0e4038716d580e,0xf95c832ab5ac20000c915e851d0e4038716d580e,10000000000000000
0xf95c832ab5ac20000c915e851d0e4038716d580e,0xb1980cdda34aa229ad6eeaedb6ee8d6ca6378c960be8e88741d96198c463313c,1580501555,653495,0xf95c832ab5ac20000c915e851d0e4038716d580e,0xf95c832ab5ac20000c915e851d0e4038716d580e,10000000000000000
0xf95c832ab5ac20000c915e851d0e4038716d580e,0xb1980cdda34aa229ad6eeaedb6ee8d6ca6378c960be8e88741d96198c463313c,1580501555,655946,0xf95c832ab5ac20000c915e851d0e4038716d580e,0xf95c832ab5ac20000c915e851d0e4038716d580e,10000000000000000
0xf95c832ab5ac20000c915e851d0e4038716d580e,0xb1980cdda34aa229ad6eeaedb6ee8d6ca6378c960be8e88741d96198c463313c,1580501555,658397,0xf95c832ab5ac20000c915e851d0e4038716d580e,0xf95c832ab5ac20000c915e851d0e4038716d580e,10000000000000000
0xf95c832ab5ac20000c915e851d0e4038716d580e,0x3347805ebdc45c2babd0f657e78d948b3de910405313cdcb5e8748d4585dac49,1580501555,661024,0xf95c832ab5ac20000c915e851d0e4038716d580e,0xf95c832ab5ac20000c915e851d0e4038716d580e,10000000000000000
0xf95c832ab5ac20000c915e851d0e4038716d580e,0x3347805ebdc45c2babd0f657e78d948b3de910405313cdcb5e8748d4585dac49,1580501555,663475,0xf95c832ab5ac20000c915e851d0e4038716d580e,0xf95c832ab5ac20000c915e851d0e4038716d580e,10000000000000000
0xf95c832ab5ac20000c915e851d0e4038716d580e,0x3347805ebdc45c2babd0f657e78d948b3de910405313cdcb5e8748d4585dac49,1580501555,665926,0xf95c832ab5ac20000c915e851d0e4038716d580e,0xf95c832ab5ac20000c915e851d0e4038716d580e,10000000000000000
0xf95c832ab5ac20000c915e851d0e4038716d580e,0x3347805ebdc45c2babd0f657e78d948b3de910405313cdcb5e8748d4585dac49,1580501555,668377,0xf95c832ab5ac20000c915e851d0e4038716d580e,0xf95c832ab5ac20000c915e851d0e4038716d580e,10000000000000000
0xf95c832ab5ac20000c915e851d0e4038716d580e,0x3347805ebdc45c2babd0f657e78d948b3de910405313cdcb5e8748d4585dac49,1580501555,670828,0xf95c832ab5ac20000c915e851d0e4038716d580e,0xf95c832ab5ac20000c915e851d0e4038716d580e,10000000000000000
0xf95c832ab5ac20000c915e851d0e4038716d580e,0x3347805ebdc45c2babd0f657e78d948b3de910405313cdcb5e8748d4585dac49,1580501555,673279,0xf95c832ab5ac20000c915e851d0e4038716d580e,0xf95c832ab5ac20000c915e851d0e4038716d580e,10000000000000000
0xf95c832ab5ac20000c915e851d0e4038716d580e,0x3347805ebdc45c2babd0f657e78d948b3de910405313cdcb5e8748d4585dac49,1580501555,675730,0xf95c832ab5ac20000c915e851d0e4038716d580e,0xf95c832ab5ac20000c915e851d0e4038716d580e,10000000000000000
0xf95c832ab5ac20000c915e851d0e4038716d580e,0x3347805ebdc45c2babd0f657e78d948b3de910405313cdcb5e8748d4585dac49,1580501555,678181,0xf95c832ab5ac20000c915e851d0e4038716d580e,0xf95c832ab5ac20000c915e851d0e4038716d580e,10000000000000000
0xf95c832ab5ac20000c915e851d0e4038716d580e,0x3347805ebdc45c2babd0f657e78d948b3de910405313cdcb5e8748d4585dac49,1580501555,680632,0xf95c832ab5ac20000c915e851d0e4038716d580e,0xf95c832ab5ac20000c915e851d0e4038716d580e,10000000000000000
0xf95c832ab5ac20000c915e851d0e4038716d580e,0x3347805ebdc45c2babd0f657e78d948b3de910405313cdcb5e8748d4585dac49,1580501555,683083,0xf95c832ab5ac20000c915e851d0e4038716d580e,0xf95c832ab5ac20000c915e851d0e4038716d580e,10000000000000000
0xf95c832ab5ac20000c915e851d0e4038716d580e,0x3347805ebdc45c2babd0f657e78d948b3de910405313cdcb5e8748d4585dac49,1580501555,685534,0xf95c832ab5ac20000c915e851d0e4038716d580e,0xf95c832ab5ac20000c915e851d0e4038716d580e,10000000000000000
0xf95c832ab5ac20000c915e851d0e4038716d580e,0x3347805ebdc45c2babd0f657e78d948b3de910405313cdcb5e8748d4585dac49,1580501555,687985,0xf95c832ab5ac20000c915e851d0e4038716d580e,0xf95c832ab5ac20000c915e851d0e4038716d580e,10000000000000000
0xf95c832ab5ac20000c915e851d0e4038716d580e,0x3347805ebdc45c2babd0f657e78d948b3de910405313cdcb5e8748d4585dac49,1580501555,690436,0xf95c832ab5ac20000c915e851d0e4038716d580e,0xf95c832ab5ac20000c915e851d0e4038716d580e,10000000000000000
0xf95c832ab5ac20000c915e851d0e4038716d580e,0x3347805ebdc45c2babd0f657e78d948b3de910405313cdcb5e8748d4585dac49,1580501555,692887,0xf95c832ab5ac20000c915e851d0e4038716d580e,0xf95c832ab5ac20000c915e851d0e4038716d580e,10000000000000000
0xf95c832ab5ac20000c915e851d0e4038716d580e,0x3347805ebdc45c2babd0f657e78d948b3de910405313cdcb5e8748d4585dac49,1580501555,695338,0xf95c832ab5ac20000c915e851d0e4038716d580e,0xf95c832ab5ac20000c915e851d0e4038716d580e,10000000000000000
0xf95c832ab5ac20000c915e851d0e4038716d580e,0x3347805ebdc45c2babd0f657e78d948b3de910405313cdcb5e8748d4585dac49,1580501555,697789,0xf95c832ab5ac20000c915e851d0e4038716d580e,0xf95c832ab5ac20000c915e851d0e4038716d580e,10000000000000000
0xf95c832ab5ac20000c915e851d0e4038716d580e,0x3347805ebdc45c2babd0f657e78d948b3de910405313cdcb5e8748d4585dac49,1580501555,700240,0xf95c832ab5ac20000c915e851d0e4038716d580e,0xf95c832ab5ac20000c915e851d0e4038716d580e,10000000000000000
0xf95c832ab5ac20000c915e851d0e4038716d580e,0x3347805ebdc45c2babd0f657e78d948b3de910405313cdcb5e8748d4585dac49,1580501555,702691,0xf95c832ab5ac20000c915e851d0e4038716d580e,0xf95c832ab5ac20000c915e851d0e4038716d580e,10000000000000000
0xf95c832ab5ac20000c915e851d0e4038716d580e,0x3347805ebdc45c2babd0f657e78d948b3de910405313cdcb5e8748d4585dac49,1580501555,705142,0xf95c832ab5ac20000c915e851d0e4038716d580e,0xf95c832ab5ac20000c915e851d0e4038716d580e,10000000000000000
0xf95c832ab5ac20000c915e851d0e4038716d580e,0x3347805ebdc45c2babd0f657e78d948b3de910405313cdcb5e8748d4585dac49,1580501555,707593,0xf95c832ab5ac20000c915e851d0e4038716d580e,0xf95c832ab5ac20000c915e851d0e4038716d580e,10000000000000000
0xf95c832ab5ac20000c915e851d0e4038716d580e,0x3347805ebdc45c2babd0f657e78d948b3de910405313cdcb5e8748d4585dac49,1580501555,710044,0xf95c832ab5ac20000c915e851d0e4038716d580e,0xf95c832ab5ac20000c915e851d0e4038716d580e,10000000000000000
0xf95c832ab5ac20000c915e851d0e4038716d580e,0x3347805ebdc45c2babd0f657e78d948b3de910405313cdcb5e8748d4585dac49,1580501555,712495,0xf95c832ab5ac20000c915e851d0e4038716d580e,0xf95c832ab5ac20000c915e851d0e4038716d580e,10000000000000000
0xf95c832ab5ac20000c915e851d0e4038716d580e,0x3347805ebdc45c2babd0f657e78d948b3de910405313cdcb5e8748d4585dac49,1580501555,714946,0xf95c832ab5ac20000c915e851d0e4038716d580e,0xf95c832ab5ac20000c915e851d0e4038716d580e,10000000000000000
0xf95c832ab5ac20000c915e851d0e4038716d580e,0x3347805ebdc45c2babd0f657e78d948b3de910405313cdcb5e8748d4585dac49,1580501555,717397,0xf95c832ab5ac20000c915e851d0e4038716d580e,0xf95c832ab5ac20000c915e851d0e4038716d580e,10000000000000000
0xf95c832ab5ac20000c915e851d0e4038716d580e,0x3347805ebdc45c2babd0f657e78d948b3de910405313cdcb5e8748d4585dac49,1580501555,719848,0xf95c832ab5ac20000c915e851d0e4038716d580e,0xf95c832ab5ac20000c915e851d0e4038716d580e,10000000000000000
0xf95c832ab5ac20000c915e851d0e4038716d580e,0x3347805ebdc45c2babd0f657e78d948b3de910405313cdcb5e8748d4585dac49,1580501555,722299,0xf95c832ab5ac20000c915e851d0e4038716d580e,0xf95c832ab5ac20000c915e851d0e4038716d580e,10000000000000000
0xf95c832ab5ac20000c915e851d0e4038716d580e,0x3347805ebdc45c2babd0f657e78d948b3de910405313cdcb5e8748d4585dac49,1580501555,724750,0xf95c832ab5ac20000c915e851d0e4038716d580e,0xf95c832ab5ac20000c915e851d0e4038716d580e,10000000000000000
0xf95c832ab5ac20000c915e851d0e4038716d580e,0x3347805ebdc45c2babd0f657e78d948b3de910405313cdcb5e8748d4585dac49,1580501555,727201,0xf95c832ab5ac20000c915e851d0e4038716d580e,0xf95c832ab5ac20000c915e851d0e4038716d580e,10000000000000000
0xf95c832ab5ac20000c915e851d0e4038716d580e,0x3347805ebdc45c2babd0f657e78d948b3de910405313cdcb5e8748d4585dac49,1580501555,729652,0xf95c832ab5ac20000c915e851d0e4038716d580e,0xf95c832ab5ac20000c915e851d0e4038716d580e,10000000000000000
0xf95c832ab5ac20000c915e851d0e4038716d580e,0x3347805ebdc45c2babd0f657e78d948b3de910405313cdcb5e8748d4585dac49,1580501555,732103,0xf95c832ab5ac20000c915e851d0e4038716d580e,0xf95c832ab5ac20000c915e851d0e4038716d580e,10000000000000000
0xf95c832ab5ac20000c915e851d0e4038716d580e,0x3347805ebdc45c2babd0f657e78d948b3de910405313cdcb5e8748d4585dac49,1580501555,734554,0xf95c832ab5ac20000c915e851d0e4038716d580e,0xf95c832ab5ac20000c915e851d0e4038716d580e,10000000000000000
0xf95c832ab5ac20000c915e851d0e4038716d580e,0x3347805ebdc45c2babd0f657e78d948b3de910405313cdcb5e8748d4585dac49,1580501555,737005,0xf95c832ab5ac20000c915e851d0e4038716d580e,0xf95c832ab5ac20000c915e851d0e4038716d580e,10000000000000000
0xf95c832ab5ac20000c915e851d0e4038716d580e,0x3347805ebdc45c2babd0f657e78d948b3de910405313cdcb5e8748d4585dac49,1580501555,739456,0xf95c832ab5ac20000c915e851d0e4038716d580e,0xf95c832ab5ac20000c915e851d0e4038716d580e,10000000000000000
0xf95c832ab5ac20000c915e851d0e4038716d580e,0x31a2da1630ef8c6a52f050c4691057f1a9a43d213bff253ced8be79b8ec0f3bd,1580501560,742083,0xf95c832ab5ac20000c915e851d0e4038716d580e,0xf95c832ab5ac20000c915e851d0e4038716d580e,10000000000000000
0xf95c832ab5ac20000c915e851d0e4038716d580e,0x31a2da1630ef8c6a52f050c4691057f1a9a43d213bff253ced8be79b8ec0f3bd,1580501560,744534,0xf95c832ab5ac20000c915e851d0e4038716d580e,0xf95c832ab5ac20000c915e851d0e4038716d580e,10000000000000000
0xf95c832ab5ac20000c915e851d0e4038716d580e,0x31a2da1630ef8c6a52f050c4691057f1a9a43d213bff253ced8be79b8ec0f3bd,1580501560,746985,0xf95c832ab5ac20000c915e851d0e4038716d580e,0xf95c832ab5ac20000c915e851d0e4038716d580e,10000000000000000
0xf95c832ab5ac20000c915e851d0e4038716d580e,0x31a2da1630ef8c6a52f050c4691057f1a9a43d213bff253ced8be79b8ec0f3bd,1580501560,749436,0xf95c832ab5ac20000c915e851d0e4038716d580e,0xf95c832ab5ac20000c915e851d0e4038716d580e,10000000000000000
0xf95c832ab5ac20000c915e851d0e4038716d580e,0x31a2da1630ef8c6a52f050c4691057f1a9a43d213bff253ced8be79b8ec0f3bd,1580501560,751887,0xf95c832ab5ac20000c915e851d0e4038716d580e,0xf95c832ab5ac20000c915e851d0e4038716d580e,10000000000000000
0xf95c832ab5ac20000c915e851d0e4038716d580e,0x31a2da1630ef8c6a52f050c4691057f1a9a43d213bff253ced8be79b8ec0f3bd,1580501560,754338,0xf95c832ab5ac20000c915e851d0e4038716d580e,0xf95c832ab5ac20000c915e851d0e4038716d580e,10000000000000000
0xf95c832ab5ac20000c915e851d0e4038716d580e,0x31a2da1630ef8c6a52f050c4691057f1a9a43d213bff253ced8be79b8ec0f3bd,1580501560,756789,0xf95c832ab5ac20000c915e851d0e4038716d580e,0xf95c832ab5ac20000c915e851d0e4038716d580e,10000000000000000
0xf95c832ab5ac20000c915e851d0e4038716d580e,0x31a2da1630ef8c6a52f050c4691057f1a9a43d213bff253ced8be79b8ec0f3bd,1580501560,759240,0xf95c832ab5ac20000c915e851d0e4038716d580e,0xf95c832ab5ac20000c915e851d0e4038716d580e,10000000000000000
0xf95c832ab5ac20000c915e851d0e4038716d580e,0x31a2da1630ef8c6a52f050c4691057f1a9a43d213bff253ced8be79b8ec0f3bd,1580501560,761691,0xf95c832ab5ac20000c915e851d0e4038716d580e,0xf95c832ab5ac20000c915e851d0e4038716d580e,10000000000000000
0xf95c832ab5ac20000c915e851d0e4038716d580e,0x31a2da1630ef8c6a52f050c4691057f1a9a43d213bff253ced8be79b8ec0f3bd,1580501560,764142,0xf95c832ab5ac20000c915e851d0e4038716d580e,0xf95c832ab5ac20000c915e851d0e4038716d580e,10000000000000000
0xf95c832ab5ac20000c915e851d0e4038716d580e,0x31a2da1630ef8c6a52f050c4691057f1a9a43d213bff253ced8be79b8ec0f3bd,1580501560,766593,0xf95c832ab5ac20000c915e851d0e4038716d580e,0xf95c832ab5ac20000c915e851d0e4038716d580e,10000000000000000
0xf95c832ab5ac20000c915e851d0e4038716d580e,0x31a2da1630ef8c6a52f050c4691057f1a9a43d213bff253ced8be79b8ec0f3bd,1580501560,769044,0xf95c832ab5ac20000c915e851d0e4038716d580e,0xf95c832ab5ac20000c915e851d0e4038716d580e,10000000000000000
0xf95c832ab5ac20000c915e851d0e4038716d580e,0x31a2da1630ef8c6a52f050c4691057f1a9a43d213bff253ced8be79b8ec0f3bd,1580501560,771495,0xf95c832ab5ac20000c915e851d0e4038716d580e,0xf95c832ab5ac20000c915e851d0e4038716d580e,10000000000000000
0xf95c832ab5ac20000c915e851d0e4038716d580e,0x31a2da1630ef8c6a52f050c4691057f1a9a43d213bff253ced8be79b8ec0f3bd,1580501560,773946,0xf95c832ab5ac20000c915e851d0e4038716d580e,0xf95c832ab5ac20000c915e851d0e4038716d580e,10000000000000000
0xf95c832ab5ac20000c915e851d0e4038716d580e,0x31a2da1630ef8c6a52f050c4691057f1a9a43d213bff253ced8be79b8ec0f3bd,1580501560,776397,0xf95c832ab5ac20000c915e851d0e4038716d580e,0xf95c832ab5ac20000c915e851d0e4038716d580e,10000000000000000
0xf95c832ab5ac20000c915e851d0e4038716d580e,0x31a2da1630ef8c6a52f050c4691057f1a9a43d213bff253ced8be79b8ec0f3bd,1580501560,778848,0xf95c832ab5ac20000c915e851d0e4038716d580e,0xf95c832ab5ac20000c915e851d0e4038716d580e,10000000000000000
0xf95c832ab5ac20000c915e851d0e4038716d580e,0x31a2da1630ef8c6a52f050c4691057f1a9a43d213bff253ced8be79b8ec0f3bd,1580501560,781299,0xf95c832ab5ac20000c915e851d0e4038716d580e,0xf95c832ab5ac20000c915e851d0e4038716d580e,10000000000000000
0xf95c832ab5ac20000c915e851d0e4038716d580e,0x4a760a786b39a5c5f18930248de3434b3e354f7acfd41b4a0f929815d8f66973,1580501560,783926,0xf95c832ab5ac20000c915e851d0e4038716d580e,0xf95c832ab5ac20000c915e851d0e4038716d580e,10000000000000000
0xf95c832ab5ac20000c915e851d0e4038716d580e,0x4a760a786b39a5c5f18930248de3434b3e354f7acfd41b4a0f929815d8f66973,1580501560,786377,0xf95c832ab5ac20000c915e851d0e4038716d580e,0xf95c832ab5ac20000c915e851d0e4038716d580e,10000000000000000
0xf95c832ab5ac20000c915e851d0e4038716d580e,0x4a760a786b39a5c5f18930248de3434b3e354f7acfd41b4a0f929815d8f66973,1580501560,788828,0xf95c832ab5ac20000c915e851d0e4038716d580e,0xf95c832ab5ac20000c915e851d0e4038716d580e,10000000000000000
0xf95c832ab5ac20000c915e851d0e4038716d580e,0x4a760a786b39a5c5f18930248de3434b3e354f7acfd41b4a0f929815d8f66973,1580501560,791279,0xf95c832ab5ac20000c915e851d0e4038716d580e,0xf95c832ab5ac20000c915e851d0e4038716d580e,10000000000000000
0xf95c832ab5ac20000c915e851d0e4038716d580e,0x4a760a786b39a5c5f18930248de3434b3e354f7acfd41b4a0f929815d8f66973,1580501560,793730,0xf95c832ab5ac20000c915e851d0e4038716d580e,0xf95c832ab5ac20000c915e851d0e4038716d580e,10000000000000000
0xf95c832ab5ac20000c915e851d0e4038716d580e,0x4a760a786b39a5c5f18930248de3434b3e354f7acfd41b4a0f929815d8f66973,1580501560,796181,0xf95c832ab5ac20000c915e851d0e4038716d580e,0xf95c832ab5ac20000c915e851d0e4038716d580e,10000000000000000
0xf95c832ab5ac20000c915e851d0e4038716d580e,0x4a760a786b39a5c5f18930248de3434b3e354f7acfd41b4a0f929815d8f66973,1580501560,798632,0xf95c832ab5ac20000c915e851d0e4038716d580e,0xf95c832ab5ac20000c915e851d0e4038716d580e,10000000000000000
0xf95c832ab5ac20000c915e851d0e4038716d580e,0x4a760a786b39a5c5f18930248de3434b3e354f7acfd41b4a0f929815d8f66973,1580501560,801083,0xf95c832ab5ac20000c915e851d0e4038716d580e,0xf95c832ab5ac20000c915e851d0e4038716d580e,10000000000000000
0xf95c832ab5ac20000c915e851d0e4038716d580e,0x4a760a786b39a5c5f18930248de3434b3e354f7acfd41b4a0f929815d8f66973,1580501560,803534,0xf95c832ab5ac20000c915e851d0e4038716d580e,0xf95c832ab5ac20000c915e851d0e4038716d580e,10000000000000000
0xf95c832ab5ac20000c915e851d0e4038716d580e,0x4a760a786b39a5c5f18930248de3434b3e354f7acfd41b4a0f929815d8f66973,1580501560,805985,0xf95c832ab5ac20000c915e851d0e4038716d580e,0xf95c832ab5ac20000c915e851d0e4038716d580e,10000000000000000
0xf95c832ab5ac20000c915e851d0e4038716d580e,0x4a760a786b39a5c5f18930248de3434b3e354f7acfd41b4a0f929815d8f66973,1580501560,808436,0xf95c832ab5ac20000c915e851d0e4038716d580e,0xf95c832ab5ac20000c915e851d0e4038716d580e,10000000000000000
0xf95c832ab5ac20000c915e851d0e4038716d580e,0x4a760a786b39a5c5f18930248de3434b3e354f7acfd41b4a0f929815d8f66973,1580501560,810887,0xf95c832ab5ac20000c915e851d0e4038716d580e,0xf95c832ab5ac20000c915e851d0e4038716d580e,10000000000000000
0xf95c832ab5ac20000c915e851d0e4038716d580e,0x4a760a786b39a5c5f18930248de3434b3e354f7acfd41b4a0f929815d8f66973,1580501560,813338,0xf95c832ab5ac20000c915e851d0e4038716d580e,0xf95c832ab5ac20000c915e851d0e4038716d580e,10000000000000000
0xf95c832ab5ac20000c915e851d0e4038716d580e,0x4a760a786b39a5c5f18930248de3434b3e354f7acfd41b4a0f929815d8f66973,1580501560,815789,0xf95c832ab5ac20000c915e851d0e4038716d580e,0xf95c832ab5ac20000c915e851d0e4038716d580e,10000000000000000
0xf95c832ab5ac20000c915e851d0e4038716d580e,0x4a760a786b39a5c5f18930248de3434b3e354f7acfd41b4a0f929815d8f66973,1580501560,818240,0xf95c832ab5ac20000c915e851d0e4038716d580e,0xf95c832ab5ac20000c915e851d0e4038716d580e,10000000000000000
0xf95c832ab5ac20000c915e851d0e4038716d580e,0x4a760a786b39a5c5f18930248de3434b3e354f7acfd41b4a0f929815d8f66973,1580501560,820691,0xf95c832ab5ac20000c915e851d0e4038716d580e,0xf95c832ab5ac20000c915e851d0e4038716d580e,10000000000000000
0xf95c832ab5ac20000c915e851d0e4038716d580e,0x4a760a786b39a5c5f18930248de3434b3e354f7acfd41b4a0f929815d8f66973,1580501560,823142,0xf95c832ab5ac20000c915e851d0e4038716d580e,0xf95c832ab5ac20000c915e851d0e4038716d580e,10000000000000000
0xf95c832ab5ac20000c915e851d0e4038716d580e,0x4a760a786b39a5c5f18930248de3434b3e354f7acfd41b4a0f929815d8f66973,1580501560,825593,0xf95c832ab5ac20000c915e851d0e4038716d580e,0xf95c832ab5ac20000c915e851d0e4038716d580e,10000000000000000
0xf95c832ab5ac20000c915e851d0e4038716d580e,0x4a760a786b39a5c5f18930248de3434b3e354f7acfd41b4a0f929815d8f66973,1580501560,828044,0xf95c832ab5ac20000c915e851d0e4038716d580e,0xf95c832ab5ac20000c915e851d0e4038716d580e,10000000000000000
0xf95c832ab5ac20000c915e851d0e4038716d580e,0x4a760a786b39a5c5f18930248de3434b3e354f7acfd41b4a0f929815d8f66973,1580501560,830495,0xf95c832ab5ac20000c915e851d0e4038716d580e,0xf95c832ab5ac20000c915e851d0e4038716d580e,10000000000000000
0xf95c832ab5ac20000c915e851d0e4038716d580e,0x4a760a786b39a5c5f18930248de3434b3e354f7acfd41b4a0f929815d8f66973,1580501560,832946,0xf95c832ab5ac20000c915e851d0e4038716d580e,0xf95c832ab5ac20000c915e851d0e4038716d580e,10000000000000000
0xf95c832ab5ac20000c915e851d0e4038716d580e,0x4a760a786b39a5c5f18930248de3434b3e354f7acfd41b4a0f929815d8f66973,1580501560,835397,0xf95c832ab5ac20000c915e851d0e4038716d580e,0xf95c832ab5ac20000c915e851d0e4038716d580e,10000000000000000
0xf95c832ab5ac20000c915e851d0e4038716d580e,0x4a760a786b39a5c5f18930248de3434b3e354f7acfd41b4a0f929815d8f66973,1580501560,837848,0xf95c832ab5ac20000c915e851d0e4038716d580e,0xf95c832ab5ac20000c915e851d0e4038716d580e,10000000000000000
0xf95c832ab5ac20000c915e851d0e4038716d580e,0x4a760a786b39a5c5f18930248de3434b3e354f7acfd41b4a0f929815d8f66973,1580501560,840299,0xf95c832ab5ac20000c915e851d0e4038716d580e,0xf95c832ab5ac20000c915e851d0e4038716d580e,10000000000000000
0xf95c832ab5ac20000c915e851d0e4038716d580e,0x4a760a786b39a5c5f18930248de3434b3e354f7acfd41b4a0f929815d8f66973,1580501560,842750,0xf95c832ab5ac20000c915e851d0e4038716d580e,0xf95c832ab5ac20000c915e851d0e4038716d580e,10000000000000000
0xf95c832ab5ac20000c915e851d0e4038716d580e,0x4a760a786b39a5c5f18930248de3434b3e354f7acfd41b4a0f929815d8f66973,1580501560,845201,0xf95c832ab5ac20000c915e851d0e4038716d580e,0xf95c832ab5ac20000c915e851d0e4038716d580e,10000000000000000
0xf95c832ab5ac20000c915e851d0e4038716d580e,0x4a760a786b39a5c5f18930248de3434b3e354f7acfd41b4a0f929815d8f66973,1580501560,847652,0xf95c832ab5ac20000c915e851d0e4038716d580e,0xf95c832ab5ac20000c915e851d0e4038716d580e,10000000000000000
0xf95c832ab5ac20000c915e851d0e4038716d580e,0x4a760a786b39a5c5f18930248de3434b3e354f7acfd41b4a0f929815d8f66973,1580501560,850103,0xf95c832ab5ac20000c915e851d0e4038716d580e,0xf95c832ab5ac20000c915e851d0e4038716d580e,10000000000000000
0xf95c832ab5ac20000c915e851d0e4038716d580e,0x4a760a786b39a5c5f18930248de3434b3e354f7acfd41b4a0f929815d8f66973,1580501560,852554,0xf95c832ab5ac20000c915e851d0e4038716d580e,0xf95c832ab5ac20000c915e851d0e4038716d580e,10000000000000000
0xf95c832ab5ac20000c915e851d0e4038716d580e,0x4a760a786b39a5c5f18930248de3434b3e354f7acfd41b4a0f929815d8f66973,1580501560,855005,0xf95c832ab5ac20000c915e851d0e4038716d580e,0xf95c832ab5ac20000c915e851d0e4038716d580e,10000000000000000
0xf95c832ab5ac20000c915e851d0e4038716d580e,0x4a760a786b39a5c5f18930248de3434b3e354f7acfd41b4a0f929815d8f66973,1580501560,857456,0xf95c832ab5ac20000c915e851d0e4038716d580e,0xf95c832ab5ac20000c915e851d0e4038716d580e,10000000000000000
0xf95c832ab5ac20000c915e851d0e4038716d580e,0x4a760a786b39a5c5f18930248de3434b3e354f7acfd41b4a0f929815d8f66973,1580501560,859907,0xf95c832ab5ac20000c915e851d0e4038716d580e,0xf95c832ab5ac20000c915e851d0e4038716d580e,10000000000000000
0xf95c832ab5ac20000c915e851d0e4038716d580e,0x4a760a786b39a5c5f18930248de3434b3e354f7acfd41b4a0f929815d8f66973,1580501560,862358,0xf95c832ab5ac20000c915e851d0e4038716d580e,0xf95c832ab5ac20000c915e851d0e4038716d580e,10000000000000000
0xf95c832ab5ac20000c915e851d0e4038716d580e,0x12ddd10abf7493b31fb830cd3eaedda9393cf9dc19b0daa6769a5031564081bc,1580501569,864985,0xf95c832ab5ac20000c915e851d0e4038716d580e,0xf95c832ab5ac20000c915e851d0e4038716d580e,10000000000000000
0xf95c832ab5ac20000c915e851d0e4038716d580e,0x12ddd10abf7493b31fb830cd3eaedda9393cf9dc19b0daa6769a5031564081bc,1580501569,867436,0xf95c832ab5ac20000c915e851d0e4038716d580e,0xf95c832ab5ac20000c915e851d0e4038716d580e,10000000000000000
0xf95c832ab5ac20000c915e851d0e4038716d580e,0x12ddd10abf7493b31fb830cd3eaedda9393cf9dc19b0daa6769a5031564081bc,1580501569,869887,0xf95c832ab5ac20000c915e851d0e4038716d580e,0xf95c832ab5ac20000c915e851d0e4038716d580e,10000000000000000
0xf95c832ab5ac20000c915e851d0e4038716d580e,0x12ddd10abf7493b31fb830cd3eaedda9393cf9dc19b0daa6769a5031564081bc,1580501569,872338,0xf95c832ab5ac20000c915e851d0e4038716d580e,0xf95c832ab5ac20000c915e851d0e4038716d580e,10000000000000000
0xf95c832ab5ac20000c915e851d0e4038716d580e,0x12ddd10abf7493b31fb830cd3eaedda9393cf9dc19b0daa6769a5031564081bc,1580501569,874789,0xf95c832ab5ac20000c915e851d0e4038716d580e,0xf95c832ab5ac20000c915e851d0e4038716d580e,10000000000000000
0xf95c832ab5ac20000c915e851d0e4038716d580e,0x12ddd10abf7493b31fb830cd3eaedda9393cf9dc19b0daa6769a5031564081bc,1580501569,877240,0xf95c832ab5ac20000c915e851d0e4038716d580e,0xf95c832ab5ac20000c915e851d0e4038716d580e,10000000000000000
0xf95c832ab5ac20000c915e851d0e4038716d580e,0x12ddd10abf7493b31fb830cd3eaedda9393cf9dc19b0daa6769a5031564081bc,1580501569,879691,0xf95c832ab5ac20000c915e851d0e4038716d580e,0xf95c832ab5ac20000c915e851d0e4038716d580e,10000000000000000
0xf95c832ab5ac20000c915e851d0e4038716d580e,0x12ddd10abf7493b31fb830cd3eaedda9393cf9dc19b0daa6769a5031564081bc,1580501569,882142,0xf95c832ab5ac20000c915e851d0e4038716d580e,0xf95c832ab5ac20000c915e851d0e4038716d580e,10000000000000000
0xf95c832ab5ac20000c915e851d0e4038716d580e,0x12ddd10abf7493b31fb830cd3eaedda9393cf9dc19b0daa6769a5031564081bc,1580501569,884593,0xf95c832ab5ac20000c915e851d0e4038716d580e,0xf95c832ab5ac20000c915e851d0e4038716d580e,10000000000000000
0xf95c832ab5ac20000c915e851d0e4038716d580e,0x12ddd10abf7493b31fb830cd3eaedda9393cf9dc19b0daa6769a5031564081bc,1580501569,887044,0xf95c832ab5ac20000c915e851d0e4038716d580e,0xf95c832ab5ac20000c915e851d0e4038716d580e,10000000000000000
0xf95c832ab5ac20000c915e851d0e4038716d580e,0x12ddd10abf7493b31fb830cd3eaedda9393cf9dc19b0daa6769a5031564081bc,1580501569,889495,0xf95c832ab5ac20000c915e851d0e4038716d580e,0xf95c832ab5ac20000c915e851d0e4038716d580e,10000000000000000
0xf95c832ab5ac20000c915e851d0e4038716d580e,0x12ddd10abf7493b31fb830cd3eaedda9393cf9dc19b0daa6769a5031564081bc,1580501569,891946,0xf95c832ab5ac20000c915e851d0e4038716d580e,0xf95c832ab5ac20000c915e851d0e4038716d580e,10000000000000000
0xf95c832ab5ac20000c915e851d0e4038716d580e,0x12ddd10abf7493b31fb830cd3eaedda9393cf9dc19b0daa6769a5031564081bc,1580501569,894397,0xf95c832ab5ac20000c915e851d0e4038716d580e,0xf95c832ab5ac20000c915e851d0e4038716d580e,10000000000000000
0xf95c832ab5ac20000c915e851d0e4038716d580e,0x12ddd10abf7493b31fb830cd3eaedda9393cf9dc19b0daa6769a5031564081bc,1580501569,896848,0xf95c832ab5ac20000c915e851d0e4038716d580e,0xf95c832ab5ac20000c915e851d0e4038716d580e,10000000000000000
0xf95c832ab5ac20000c915e851d0e4038716d580e,0x12ddd10abf7493b31fb830cd3eaedda9393cf9dc19b0daa6769a5031564081bc,1580501569,899299,0xf95c832ab5ac20000c915e851d0e4038716d580e,0xf95c832ab5ac20000c915e851d0e4038716d580e,10000000000000000
0xf95c832ab5ac20000c915e851d0e4038716d580e,0x12ddd10abf7493b31fb830cd3eaedda9393cf9dc19b0daa6769a5031564081bc,1580501569,901750,0xf95c832ab5ac20000c915e851d0e4038716d580e,0xf95c832ab5ac20000c915e851d0e4038716d580e,10000000000000000
0xf95c832ab5ac20000c915e851d0e4038716d580e,0x12ddd10abf7493b31fb830cd3eaedda9393cf9dc19b0daa6769a5031564081bc,1580501569,904201,0xf95c832ab5ac20000c915e851d0e4038716d580e,0xf95c832ab5ac20000c915e851d0e4038716d580e,10000000000000000
0xf95c832ab5ac20000c915e851d0e4038716d580e,0x12ddd10abf7493b31fb830cd3eaedda9393cf9dc19b0daa6769a5031564081bc,1580501569,906652,0xf95c832ab5ac20000c915e851d0e4038716d580e,0xf95c832ab5ac20000c915e851d0e4038716d580e,10000000000000000
0xf95c832ab5ac20000c915e851d0e4038716d580e,0x12ddd10abf7493b31fb830cd3eaedda9393cf9dc19b0daa6769a5031564081bc,1580501569,909103,0xf95c832ab5ac20000c915e851d0e4038716d580e,0xf95c832ab5ac20000c915e851d0e4038716d580e,10000000000000000
0xf95c832ab5ac20000c915e851d0e4038716d580e,0x12ddd10abf7493b31fb830cd3eaedda9393cf9dc19b0daa6769a5031564081bc,1580501569,911554,0xf95c832ab5ac20000c915e851d0e4038716d580e,0xf95c832ab5ac20000c915e851d0e4038716d580e,10000000000000000
0xf95c832ab5ac20000c915e851d0e4038716d580e,0x12ddd10abf7493b31fb830cd3eaedda9393cf9dc19b0daa6769a5031564081bc,1580501569,914005,0xf95c832ab5ac20000c915e851d0e4038716d580e,0xf95c832ab5ac20000c915e851d0e4038716d580e,10000000000000000
0xf95c832ab5ac20000c915e851d0e4038716d580e,0x12ddd10abf7493b31fb830cd3eaedda9393cf9dc19b0daa6769a5031564081bc,1580501569,916456,0xf95c832ab5ac20000c915e851d0e4038716d580e,0xf95c832ab5ac20000c915e851d0e4038716d580e,10000000000000000
0xf95c832ab5ac20000c915e851d0e4038716d580e,0xd836432d1bdb208be4a6af9f22000db0c824bda1f8fe3a732367c212af5e6043,1580501569,919083,0xf95c832ab5ac20000c915e851d0e4038716d580e,0xf95c832ab5ac20000c915e851d0e4038716d580e,10000000000000000
0xf95c832ab5ac20000c915e851d0e4038716d580e,0xd836432d1bdb208be4a6af9f22000db0c824bda1f8fe3a732367c212af5e6043,1580501569,921534,0xf95c832ab5ac20000c915e851d0e4038716d580e,0xf95c832ab5ac20000c915e851d0e4038716d580e,10000000000000000
0xf95c832ab5ac20000c915e851d0e4038716d580e,0xd836432d1bdb208be4a6af9f22000db0c824bda1f8fe3a732367c212af5e6043,1580501569,923985,0xf95c832ab5ac20000c915e851d0e4038716d580e,0xf95c832ab5ac20000c915e851d0e4038716d580e,10000000000000000
0xf95c832ab5ac20000c915e851d0e4038716d580e,0xd836432d1bdb208be4a6af9f22000db0c824bda1f8fe3a732367c212af5e6043,1580501569,926436,0xf95c832ab5ac20000c915e851d0e4038716d580e,0xf95c832ab5ac20000c915e851d0e4038716d580e,10000000000000000
0xf95c832ab5ac20000c915e851d0e4038716d580e,0xd836432d1bdb208be4a6af9f22000db0c824bda1f8fe3a732367c212af5e6043,1580501569,928887,0xf95c832ab5ac20000c915e851d0e4038716d580e,0xf95c832ab5ac20000c915e851d0e4038716d580e,10000000000000000
0xf95c832ab5ac20000c915e851d0e4038716d580e,0xd836432d1bdb208be4a6af9f22000db0c824bda1f8fe3a732367c212af5e6043,1580501569,931338,0xf95c832ab5ac20000c915e851d0e4038716d580e,0xf95c832ab5ac20000c915e851d0e4038716d580e,10000000000000000
0xf95c832ab5ac20000c915e851d0e4038716d580e,0xd836432d1bdb208be4a6af9f22000db0c824bda1f8fe3a732367c212af5e6043,1580501569,933789,0xf95c832ab5ac20000c915e851d0e4038716d580e,0xf95c832ab5ac20000c915e851d0e4038716d580e,10000000000000000
0xf95c832ab5ac20000c915e851d0e4038716d580e,0xd836432d1bdb208be4a6af9f22000db0c824bda1f8fe3a732367c212af5e6043,1580501569,936240,0xf95c832ab5ac20000c915e851d0e4038716d580e,0xf95c832ab5ac20000c915e851d0e4038716d580e,10000000000000000
0xf95c832ab5ac20000c915e851d0e4038716d580e,0xd836432d1bdb208be4a6af9f22000db0c824bda1f8fe3a732367c212af5e6043,1580501569,938691,0xf95c832ab5ac20000c915e851d0e4038716d580e,0xf95c832ab5ac20000c915e851d0e4038716d580e,10000000000000000
0xf95c832ab5ac20000c915e851d0e4038716d580e,0xd836432d1bdb208be4a6af9f22000db0c824bda1f8fe3a732367c212af5e6043,1580501569,941142,0xf95c832ab5ac20000c915e851d0e4038716d580e,0xf95c832ab5ac20000c915e851d0e4038716d580e,10000000000000000
0xf95c832ab5ac20000c915e851d0e4038716d580e,0xd836432d1bdb208be4a6af9f22000db0c824bda1f8fe3a732367c212af5e6043,1580501569,943593,0xf95c832ab5ac20000c915e851d0e4038716d580e,0xf95c832ab5ac20000c915e851d0e4038716d580e,10000000000000000
0xf95c832ab5ac20000c915e851d0e4038716d580e,0xd836432d1bdb208be4a6af9f22000db0c824bda1f8fe3a732367c212af5e6043,1580501569,946044,0xf95c832ab5ac20000c915e851d0e4038716d580e,0xf95c832ab5ac20000c915e851d0e4038716d580e,10000000000000000
0xf282797cecdfcdbbaa9627502215f9a212a9d55d,0x630e45fa55a7756da1e0ce36786caea1eaaa0b958788d8f9816b65246c5cd020,1528233147,3083,0xf282797cecdfcdbbaa9627502215f9a212a9d55d,0x3dbdc81a6edc94c720b0b88fb65dbd7e395fdcf6,4026671746908160
0xf282797cecdfcdbbaa9627502215f9a212a9d55d,0x1c60a46830ac338419933c36d65e24daefc8796ee3295f60a4fe963be4ff82ab,1528319578,8073,0xf282797cecdfcdbbaa9627502215f9a212a9d55d,0x3dbdc81a6edc94c720b0b88fb65dbd7e395fdcf6,4026671746908160
0xf282797cecdfcdbbaa9627502215f9a212a9d55d,0xb8ad4a8c3d1ceeb129b77a7734643195869cb9271abef1291e703f77a20f6597,1528406035,13063,0xf282797cecdfcdbbaa9627502215f9a212a9d55d,0x3dbdc81a6edc94c720b0b88fb65dbd7e395fdcf6,4026671746908160
0xf282797cecdfcdbbaa9627502215f9a212a9d55d,0xa45d42b9fdb62ec313b19440f4c6a7721acdacd6c5b7a0619da9dce3e87aa5bf,1528492501,18053,0xf282797cecdfcdbbaa9627502215f9a212a9d55d,0x3dbdc81a6edc94c720b0b88fb65dbd7e395fdcf6,4026671746908160
0xf282797cecdfcdbbaa9627502215f9a212a9d55d,0xad0fcd4d1208f2a16b6b2fe04eabe9f2d73d3f87ccb4e4203eff6fa3d94a4cdd,1528578939,23043,0xf282797cecdfcdbbaa9627502215f9a212a9d55d,0x3dbdc81a6edc94c720b0b88fb65dbd7e395fdcf6,4026671746908160
0xf282797cecdfcdbbaa9627502215f9a212a9d55d,0xd3ba8b8e5526739082178f9bc8c05d1652ba29d8f2556a3f8f0cf361ebf553eb,1528665370,28033,0xf282797cecdfcdbbaa9627502215f9a212a9d55d,0x3dbdc81a6edc94c720b0b88fb65dbd7e395fdcf6,4026671746908160
0xf282797cecdfcdbbaa9627502215f9a212a9d55d,0xcf6cf6715c26ed87c6f750c906f0d66c0fd12ca88e1a8caf3e631c3fc36d79e9,1528751801,33023,0xf282797cecdfcdbbaa9627502215f9a212a9d55d,0x3dbdc81a6edc94c720b0b88fb65dbd7e395fdcf6,4026671746908160
0xf282797cecdfcdbbaa9627502215f9a212a9d55d,0x8dcdc3da4213ed70ea5fd3d8836b671185b100a30f43aa148c3d6f81e2aa1417,1528838244,38013,0xf282797cecdfcdbbaa9627502215f9a212a9d55d,0x3dbdc81a6edc94c720b0b88fb65dbd7e395fdcf6,4026671746908160
0xf282797cecdfcdbbaa9627502215f9a212a9d55d,0xb1f7c75cd8556137a5027d3e97bd2745a8aa150657c9deffbb74a087d1cfbd18,1528924666,43003,0xf282797cecdfcdbbaa9627502215f9a212a9d55d,0x3dbdc81a6edc94c720b0b88fb65dbd7e395fdcf6,4026671746908160
0xf282797cecdfcdbbaa9627502215f9a212a9d55d,0x8cb904b6f1de7148438dc7d042a6e3619b5040455f7ebeb9bb8f70abb21e039b,1529011078,47993,0xf282797cecdfcdbbaa9627502215f9a212a9d55d,0x3dbdc81a6edc94c720b0b88fb65dbd7e395fdcf6,4026671746908160
0xf282797cecdfcdbbaa9627502215f9a212a9d55d,0x62283feb94fbd2ef2c38de82d0659ecd950a5250a0871c365c13e6856db9eb7d,1529097496,52983,0xf282797cecdfcdbbaa9627502215f9a212a9d55d,0x3dbdc81a6edc94c720b0b88fb65dbd7e395fdcf6,4026671746908160
0xf282797cecdfcdbbaa9627502215f9a212a9d55d,0xb8b3c08f15a4ab73e924894b71641c1946955de1e9a8ca3f8710b3df32b37e44,1529183963,57973,0xf282797cecdfcdbbaa9627502215f9a212a9d55d,0x3dbdc81a6edc94c720b0b88fb65dbd7e395fdcf6,4026671746908160
0xf282797cecdfcdbbaa9627502215f9a212a9d55d,0xf18e4586a5cfd1d9ce62ed17a27890cad06269618dbdce7d712a41fb446dc002,1529270382,62963,0xf282797cecdfcdbbaa9627502215f9a212a9d55d,0x3dbdc81a6edc94c720b0b88fb65dbd7e395fdcf6,4026671746908160
0xf282797cecdfcdbbaa9627502215f9a212a9d55d,0xc2fad55f73135efb8b6f6139fb484507a731d912844a61b5b7c732b7e52a6902,1529356807,67953,0xf282797cecdfcdbbaa9627502215f9a212a9d55d,0x3dbdc81a6edc94c720b0b88fb65dbd7e395fdcf6,4026671746908160
0xf282797cecdfcdbbaa9627502215f9a212a9d55d,0x3520fd344214dc247dd3bf3b8c8d86056d899b4e585ec6c633ccc344d33c00fa,1529443310,72943,0xf282797cecdfcdbbaa9627502215f9a212a9d55d,0x3dbdc81a6edc94c720b0b88fb65dbd7e395fdcf6,4026671746908160
0xf282797cecdfcdbbaa9627502215f9a212a9d55d,0x091ec91db5919172a340b7bcf9369e066af6e1217294de593fa1e424e902fa35,1529529772,77933,0xf282797cecdfcdbbaa9627502215f9a212a9d55d,0x3dbdc81a6edc94c720b0b88fb65dbd7e395fdcf6,4026671746908160
0xf282797cecdfcdbbaa9627502215f9a212a9d55d,0x86a0939c27b6307a8b539dea78e7abe1218a4303696e3bb27daa808427c587b7,1529532956,82923,0xf282797cecdfcdbbaa9627502215f9a212a9d55d,0x3dbdc81a6edc94c720b0b88fb65dbd7e395fdcf6,4026671746908160
0xf282797cecdfcdbbaa9627502215f9a212a9d55d,0x829488e8e60dc62effe5145ee509e06ce587f1f3254fafb85f41d447920fc989,1529616192,87913,0xf282797cecdfcdbbaa9627502215f9a212a9d55d,0x3dbdc81a6edc94c720b0b88fb65dbd7e395fdcf6,4026671746908160
0xf282797cecdfcdbbaa9627502215f9a212a9d55d,0x6b538a49e444120fe80337f5de4dc822f471e8212d0a06c1252cfe8a1c58895f,1529619426,92903,0xf282797cecdfcdbbaa9627502215f9a212a9d55d,0x3dbdc81a6edc94c720b0b88fb65dbd7e395fdcf6,4026671746908160
0xf282797cecdfcdbbaa9627502215f9a212a9d55d,0x6c553f7f526b8ae75ae609c32b6c6560ca202fa5079a9aeda9395a35d316bf66,1529702631,97893,0xf282797cecdfcdbbaa9627502215f9a212a9d55d,0x3dbdc81a6edc94c720b0b88fb65dbd7e395fdcf6,4026671746908160
0xf282797cecdfcdbbaa9627502215f9a212a9d55d,0x8c049e207177deb1c894ed5154a54ae192f7dc1bb6908012433a6d6448a867fb,1529705867,102883,0xf282797cecdfcdbbaa9627502215f9a212a9d55d,0x3dbdc81a6edc94c720b0b88fb65dbd7e395fdcf6,4026671746908160
0xf282797cecdfcdbbaa9627502215f9a212a9d55d,0xe800fcf4d8e8d1555ead806d5371592aca41bd1000fde231eb47d9b1283ca8e2,1529789045,107873,0xf282797cecdfcdbbaa9627502215f9a212a9d55d,0x3dbdc81a6edc94c720b0b88fb65dbd7e395fdcf6,4026671746908160
0xf282797cecdfcdbbaa9627502215f9a212a9d55d,0xe3ae2eed8bbda776333733bda512974905f0b02e40630798368a85e780507628,1529792284,112863,0xf282797cecdfcdbbaa9627502215f9a212a9d55d,0x3dbdc81a6edc94c720b0b88fb65dbd7e395fdcf6,4026671746908160
0xf282797cecdfcdbbaa9627502215f9a212a9d55d,0x194e303bde5836d8e53dbc478d4363283f9a76805b26800ac4dd12b276b17c0d,1529875471,117853,0xf282797cecdfcdbbaa9627502215f9a212a9d55d,0x3dbdc81a6edc94c720b0b88fb65dbd7e395fdcf6,4026671746908160
