0x790ee6c853db2ab8606d34acb92251d8502f9e2abcaa38a16f0784b04fba31a5,1586591437,804,SUB,0,1,-1,115792089237316195423570985008687907853269984665640564039457584007913129639935,0xc37ae570b482c7577f3c8128137ea3c6f0fc37c5,0xa7ca36f7273d4d38fc2aec5a454c497f86728a7a,0x125059d2edc43d4e1a86516378cba2911bdc6bc5,0xa7ca36f7273d4d38fc2aec5a454c497f86728a7a,1
0xde6d65d0e107b6c8ccdcfa4cbb774df7f8983b5a231552db8029640598535d2b,1583877319,268,SUB,0,200000000000000,-200000000000000,115792089237316195423570985008687907853269984665640564039457583807913129639936,0x41fb95b3a1072e982306dad0480e0fe373773181,0x7dc4f41294697a7903c4027f6ac528c5d14cd7eb,0xb6c4636e49138e0812503c684058ef045278784e,0xab96032f5a7efe3f95622c5b9d98d50f96a91756,200000000000000
0x6e6244c6fd0772295d53c9194461b3e7c975ecd05e87687e87825345b7c76c2c,1584486258,268,SUB,0,68040000000000,-68040000000000,115792089237316195423570985008687907853269984665640564039457583939873129639936,0xab96032f5a7efe3f95622c5b9d98d50f96a91756,0x7dc4f41294697a7903c4027f6ac528c5d14cd7eb,0x671544f28e48d43300aadbb4d5d377d0d5676e00,0x41fb95b3a1072e982306dad0480e0fe373773181,68040000000000
0xcbf0c06fd15d9de5939cfb34e4fa9eeef1c26e7906bade3a10ede69172880312,1586498425,853,SUB,0,1000000,-1000000,115792089237316195423570985008687907853269984665640564039457584007913128639936,0x0ec193f5341ac1c7295ef2248ade76a2f8a17dcc,0xdac17f958d2ee523a2206206994597c13d831ec7,0x0ec193f5341ac1c7295ef2248ade76a2f8a17dcc,0x4308cc795019acd0fffd8d9da3a2292b9049079c,1000000
0x95a565c1f1b0fb8cb201a965da99e99f4a9f6adafc4caf08084f7593182f61cd,1583876845,268,SUB,0,210000000000000,-210000000000000,115792089237316195423570985008687907853269984665640564039457583797913129639936,0x41fb95b3a1072e982306dad0480e0fe373773181,0x7dc4f41294697a7903c4027f6ac528c5d14cd7eb,0xc1f57f43a26523a6114dc2b00f850440a53b138f,0x41fb95b3a1072e982306dad0480e0fe373773181,210000000000000
0x9ea1a20f71d5bd5cd92710f2ced746e9f41cadff6be93851f81cd0dada4a2059,1583806345,769,SUB,640000,1000000,-360000,115792089237316195423570985008687907853269984665640564039457584007913129279936,0x0ec193f5341ac1c7295ef2248ade76a2f8a17dcc,0xdac17f958d2ee523a2206206994597c13d831ec7,0x0ec193f5341ac1c7295ef2248ade76a2f8a17dcc,0xe33f58a1c5c1bb11fd771abbf5ced02602f36fc8,1000000
0xa0da5f67a59470cc03fc23183bf4edc4e8221bc234eb8acc650825d5d7bfa4b5,1583875897,268,SUB,0,24000000,-24000000,115792089237316195423570985008687907853269984665640564039457584007913105639936,0xab96032f5a7efe3f95622c5b9d98d50f96a91756,0x7dc4f41294697a7903c4027f6ac528c5d14cd7eb,0x29afae0c05a7af0d380ae849bb960a65dc21afe8,0xab96032f5a7efe3f95622c5b9d98d50f96a91756,24000000
0x52e7c79003b4b03a30d19d0d07047d3c82378a7aaa6aa7c903db74ef7382265e,1583877092,268,SUB,0,200000000000000,-200000000000000,115792089237316195423570985008687907853269984665640564039457583807913129639936,0x41fb95b3a1072e982306dad0480e0fe373773181,0x7dc4f41294697a7903c4027f6ac528c5d14cd7eb,0x41fb95b3a1072e982306dad0480e0fe373773181,0xab96032f5a7efe3f95622c5b9d98d50f96a91756,200000000000000
0x154bb9fa3a46fbc10cc28d719fc2eda1fe303fd5251d3fc1f89a3ae04c8a3c3f,1582546023,315,SUB,0,2000000000000000000000,-2000000000000000000000,115792089237316195423570985008687907853269984665640564037457584007913129639936,0xb255813eec6ea9f9205dc1fc0c0212d554318465,0xbc2de186ef98270ee18bae7354dc57ed9e2a7834,0xb255813eec6ea9f9205dc1fc0c0212d554318465,0xc8b98f61a76cfb1c1182fd47997c0b08e7af6ae1,2000000000000000000000
0x35bbc131cf9fb41c43361d0ca175bb05f40d253adb9c0069728446836944c275,1582673314,501,ADD,5,115792089237316195423570985008687907853269984665640564039457584007913129639935,115792089237316195423570985008687907853269984665640564039457584007913129639940,4,0xb210d9afde9cda1b8af0d260ad8602f5134f6cac,0xe2dc21337417c43f9d1af7b4824443312096848f,0xb210d9afde9cda1b8af0d260ad8602f5134f6cac,0x0000000000000000000000000000000000000000,5
0x9895c64d882f6c9d424a202553c071f56c0805b622147d97b849c08ac5ea3383,1584123831,769,SUB,3840000,5000000,-1160000,115792089237316195423570985008687907853269984665640564039457584007913128479936,0x7271f7105905486393a0d2e4f649269c9c7802a9,0xdac17f958d2ee523a2206206994597c13d831ec7,0x7271f7105905486393a0d2e4f649269c9c7802a9,0xe33f58a1c5c1bb11fd771abbf5ced02602f36fc8,5000000
0xcd80c1db19c14894a6ca2543842ff2cba338580ad2348134490ef054509c485a,1583741441,769,SUB,0,1000000,-1000000,115792089237316195423570985008687907853269984665640564039457584007913128639936,0x0ec193f5341ac1c7295ef2248ade76a2f8a17dcc,0xdac17f958d2ee523a2206206994597c13d831ec7,0x0ec193f5341ac1c7295ef2248ade76a2f8a17dcc,0xe33f58a1c5c1bb11fd771abbf5ced02602f36fc8,1000000
0xf38215dbc63b5f9c509e3c9098a7942bbd74efa87d860d9ad8334e4b0297710a,1582546076,315,SUB,0,1000000000000000000000,-1000000000000000000000,115792089237316195423570985008687907853269984665640564038457584007913129639936,0xb255813eec6ea9f9205dc1fc0c0212d554318465,0xbc2de186ef98270ee18bae7354dc57ed9e2a7834,0xc8b98f61a76cfb1c1182fd47997c0b08e7af6ae1,0xb255813eec6ea9f9205dc1fc0c0212d554318465,1000000000000000000000
0x7ba8726b4b10002bf0f16cf718c77310d4c6f98348f0b730042bee4bf2730bfc,1584480877,268,SUB,0,68050000000000,-68050000000000,115792089237316195423570985008687907853269984665640564039457583939863129639936,0xab96032f5a7efe3f95622c5b9d98d50f96a91756,0x7dc4f41294697a7903c4027f6ac528c5d14cd7eb,0xab96032f5a7efe3f95622c5b9d98d50f96a91756,0x671544f28e48d43300aadbb4d5d377d0d5676e00,68050000000000
