Attacker,Timestamp,Attacks
0x1f8611d2278781d23607ab494e5b4f18b6a5c89c,1581536529,1
0xde7e47b63d49a2ff2a209807b1d57513a9968a5b,1486775158,1
0x003cefc1b679b780caea9ff58f9287ad59d83b00,1526145617,5
0x60534599e4b2148425effaca9d059eccadafb235,1522366835,1
0x15def77337168d707e47e68ab9f7f6c17126b562,1466534788,28
0xadff3ada12ed0f8a87e31e5a04dfd2ee054e1118,1571033141,2
0xef0fde3af93aa69364b9b83ea7d13b43793474da,1571657203,3
0x0676c407f8ea1716b9d27231ba6505f71cd3f7ab,1494601835,8
0x46eb9f8ea419bf7dd2d3ea46a179222c60ff43c1,1501694808,1
0x100c3ecf14aa1354598ce7bec42909b6e9e97243,1494602472,1
0xf057701ef15f6db1d0443ec60fd71137a7eca2c2,1571216773,1
0xa70d9810eda6e14810593270a8d57e3965bf890e,1466374835,3
0x42dd879f8eb7e9b43036a5b4c97b02c6176d6b99,1465586507,6
0xe9d2faf204ab4787936c0d9afdf9ec236955e055,1565733254,1
0x89c2f73bc7df2fffa3f50cab45add2990d77ba4a,1541983830,1
0x13c7c27ea7ee89ec6607965b6f357b0109bc98b4,1466537807,1
0x5b7c73a41cd3a40364861e215a4dd7b2b7dfe196,1466542693,1
0x5d832a010b9ee788d0384a44e887ff03e26e8e81,1518212687,1
0x361d77f81bb3ca0d64594bf2089130fd42b7a96b,1580835776,1
0x91e4ff13ba4d5e276407a2be0f267c0ae6bd5cb4,1524611352,1
0xe0b4789d1cb42f0ee149bfbc12f016dbd55db33b,1518476095,1
0xa14c12e8ee8b73582b568729e098b3c476d26f80,1523551571,1
0x9bfdc2365a26fe09b9db4d020f05e0e9a6fa3fc9,1523711000,1
0x2d4c3df75358873fdfa05d843f9d127239206185,1527287783,2
0x20b16f5d13c03aafb456c05a19c09604426b35a2,1518732430,1
0x09b1f49f2e8507e42c02e7dedd6d1d1f00d2ce4f,1523629261,1
0xe500732effa4922a97671cd310c613ba88c32315,1466337857,2
0x0ae5ba2534cf7df2a60e51f6631572f40bd99b9f,1571669076,1
0xe6002189a74b43e6868b20c1311bc108e38aac57,1471693388,4
0x79f09717c5b352078234832e5737651ddb333548,1467718196,6
0xb3b10eff47b9c0b3e5579bf1c25872111667e650,1467731796,30
0xf8e4e80d4ffd06832689b6332589f7e8c382836f,1565563735,1
0x3e8d62fd679ece9f0a20a66e4105891d26fa92ca,1578878370,1
0xb3e20b057cbf2c0d9d099bac6772af0c948c6ade,1534486221,4
0x198ad6c547d20d70f2f656a4f48e6c7cfb7b4325,1578646235,1
0xdc41b95d774dddf3b2b196548f114965cc8eb023,1523527698,16
0xcf267ea3f1ebae3c29fea0a3253f94f3122c2199,1538872749,5
0x8cfee63a79a0d1fb97241ee91d39922491b6f449,1523630066,1
0x13cda2d645622df1f2c8fca4999420b0f95958cb,1559282617,1
0x110cffcd772c73c7b9c2e00e6c9b5fdede85dcc0,1494603722,1
0x06b671106bf4de59243111c0fece9f43da91595f,1466525410,38
0x19960defaeec540ff91735a1d09275b4ef359c49,1581905088,1
0xf4d936d455c90715abc2792cc38b10b0fc06e278,1574114128,4
0x9fcbd94cc444029147883da432da84d5f74d91fc,1571675506,1
0x19627796b318e27c333530ad67c464cfc37596ec,1571931538,1
0x679a2bfa182a271c3db2dffaa18aea30df5fa5d5,1572601746,1
0x1447e5c3f09da83c8f3e3ec88f72d8e07ee69288,1527737932,1
